ACTIVE,FirstName,LastName,Subcode,Email,Password,ACCOUNT USED,Event Date,Event Name,Prof Name,Prof Email,936445
Yes,Cert,Student,usjixtedkigyus,certstudent+1@tophat.com,tophat1,yes,3/16/2018,UNR Certification,,,
Yes,Cert,Student,usjixtedkigyus,certstudent+2@tophat.com,tophat2,yes,3/16/2018,UNR Certification,,,
Yes,Cert,Student,usjixtedkigyus,certstudent+3@tophat.com,tophat3,yes,3/16/2018,UNR Certification,,,
Yes,Cert,Student,usjixtedkigyus,certstudent+4@tophat.com,tophat4,yes,3/16/2018,UNR Certification,,,
Yes,Cert,Student,usjixtedkigyus,certstudent+5@tophat.com,tophat5,yes,3/16/2018,UNR Certification,,,
Yes,Cert,Student,usjixtedkigyus,certstudent+6@tophat.com,tophat6,yes,3/16/2018,UNR Certification,,,
Yes,Cert,Student,usjixtedkigyus,certstudent+7@tophat.com,tophat7,yes,3/16/2018,UNR Certification,,,
Yes,Cert,Student,usjixtedkigyus,certstudent+8@tophat.com,tophat8,yes,3/16/2018,UNR Certification,,,
Yes,Cert,Student,usjixtedkigyus,certstudent+9@tophat.com,tophat9,yes,3/16/2018,UNR Certification,,,
Yes,Cert,Student,usjixtedkigyus,certstudent+10@tophat.com,tophat10,yes,3/16/2018,UNR Certification,,,
yes,Cert,Student,usjixtedkigyus,certstudent+11@tophat.com,tophat11,yes,3/16/2018,UNR Certification,,,
yes,Cert,Student,usjixtedkigyus,certstudent+12@tophat.com,tophat12,yes,3/16/2018,UNR Certification,,,
Yes,Cert,Student,usjixtedkigyus,certstudent+13@tophat.com,tophat13,yes,3/16/2018,UNR Certification,,,
Yes,Cert,Student,usjixtedkigyus,certstudent+14@tophat.com,tophat14,yes,1/17/2018,Liberty Certification,Cory Anderson,,
Yes,Cert,Student,usjixtedkigyus,certstudent+15@tophat.com,tophat15,yes,1/17/2018,Liberty Certification,Donna Donald,,
Yes,Cert,Student,usjixtedkigyus,certstudent+16@tophat.com,tophat16,yes,1/17/2018,Liberty Certification,Bailey Anderson,,
Yes,Cert,Student,usjixtedkigyus,certstudent+17@tophat.com,tophat17,yes,1/17/2018,Liberty Certification,Kyle Hammersmith,,
Yes,Cert,Student,usjixtedkigyus,certstudent+18@tophat.com,tophat18,yes,1/17/2018,Liberty Certification,Janet Brown,,
Yes,Cert,Student,usjixtedkigyus,certstudent+19@tophat.com,tophat19,yes,1/17/2018,Liberty Certification,Lew Weider,,
yes,Cert,Student,usjixtedkigyus,certstudent+20@tophat.com,tophat20,yes,1/17/2018,Liberty Certification,Matthew Bovard,,
yes,Cert,Student,usjixtedkigyus,certstudent+21@tophat.com,tophat21,yes,1/17/2018,Liberty Certification,Chris Hulshof,,
yes,Cert,Student,usjixtedkigyus,certstudent+22@tophat.com,tophat22,yes,1/17/2018,Liberty Certification,Nancy Richardson,,
yes,Cert,Student,usjixtedkigyus,certstudent+23@tophat.com,tophat23,yes,1/17/2018,Liberty Certification,Chris Huseman,,
yes,Cert,Student,usjixtedkigyus,certstudent+24@tophat.com,tophat24,yes,1/17/2018,Liberty Certification,Sean Best,,
yes,Cert,Student,usjixtedkigyus,certstudent+25@tophat.com,tophat25,yes,1/17/2018,Liberty Certification,AAron Malbuff,,
yes,Cert,Student,usjixtedkigyus,certstudent+26@tophat.com,tophat26,yes,1/17/2018,Liberty Certification,Carolyn Ziebart,,
yes,Cert,Student,usjixtedkigyus,certstudent+27@tophat.com,tophat27,yes,1/17/2018,Liberty Certification,Wesley Nottingham,,
yes,Cert,Student,usjixtedkigyus,certstudent+28@tophat.com,tophat28,yes,1/17/2018,Liberty Certification,James Shoemaker,,
yes,Cert,Student,usjixtedkigyus,certstudent+29@tophat.com,tophat29,yes,1/17/2018,Liberty Certification,Roger mackey,,
Yes,Cert,Student,usjixtedkigyus,certstudent+30@tophat.com,tophat30,yes,1/17/2018,Liberty Certification,mary grayson,,
Yes,Cert,Student,usjixtedkigyus,certstudent+31@tophat.com,tophat31,yes,1/17/2018,Liberty Certification,Susan Crabtree,,
Yes,Cert,Student,usjixtedkigyus,certstudent+32@tophat.com,tophat32,yes,1/17/2018,Liberty Certification,doug taylor,,
Yes,Cert,Student,usjixtedkigyus,certstudent+33@tophat.com,tophat33,yes,1/17/2018,Liberty Certification,Carl Pettiford,,
Yes,Cert,Student,usjixtedkigyus,certstudent+34@tophat.com,tophat34,yes,1/17/2018,Liberty Certification,Terri Sipantzi,,
Yes,Cert,Student,usjixtedkigyus,certstudent+35@tophat.com,tophat35,yes,1/17/2018,Liberty Certification,Seth Pryor,,
Yes,Cert,Student,usjixtedkigyus,certstudent+36@tophat.com,tophat36,yes,1/17/2018,Liberty Certification,Robert talley,,
Yes,Cert,Student,usjixtedkigyus,certstudent+37@tophat.com,tophat37,yes,1/17/2018,Liberty Certification,Jordan BGallard,,
Yes,Cert,Student,usjixtedkigyus,certstudent+38@tophat.com,tophat38,yes,1/17/2018,Liberty Certification,Fitzroy Gordon,,
Yes,Cert,Student,usjixtedkigyus,certstudent+39@tophat.com,tophat39,yes,1/17/2018,Liberty Certification,Daniel Sloan,,
Yes,Cert,Student,usjixtedkigyus,certstudent+40@tophat.com,tophat40,yes,1/17/2018,Liberty Certification,Hunter List,,
Yes,Cert,Student,usjixtedkigyus,certstudent+41@tophat.com,tophat41,yes,1/17/2018,Liberty Certification,Michael Obanla,,
Yes,Cert,Student,usjixtedkigyus,certstudent+42@tophat.com,tophat42,yes,1/17/2018,Liberty Certification,Ricxhard Garmim,,
Yes,Cert,Student,usjixtedkigyus,certstudent+43@tophat.com,tophat43,yes,1/17/2018,Liberty Certification,Bethany Wiskow,,
Yes,Cert,Student,usjixtedkigyus,certstudent+44@tophat.com,tophat44,yes,1/17/2018,Liberty Certification,Chirin Nkoula,,
Yes,Cert,Student,usjixtedkigyus,certstudent+45@tophat.com,tophat45,yes,1/17/2018,Liberty Certification,Austin Beal,,
Yes,Cert,Student,usjixtedkigyus,certstudent+46@tophat.com,tophat46,yes,1/17/2018,Liberty Certification,Emily Page,,
Yes,Cert,Student,usjixtedkigyus,certstudent+47@tophat.com,tophat47,yes,1/17/2018,Liberty Certification,Rich Jaidin,,
Yes,Cert,Student,usjixtedkigyus,certstudent+48@tophat.com,tophat48,yes,1/17/2018,Liberty Certification,John Harrichand,,
Yes,Cert,Student,usjixtedkigyus,certstudent+49@tophat.com,tophat49,yes,1/17/2018,Liberty Certification,Caroll Bailey,,
Yes,Cert,Student,usjixtedkigyus,certstudent+50@tophat.com,tophat50,yes,1/17/2018,Liberty Certification,Nina Shenkle,,
Yes,Cert,Student,usjixtedkigyus,certstudent+51@tophat.com,tophat51,yes,1/17/2018,Liberty Certification,Caroline Dunmire,,
Yes,Cert,Student,usjixtedkigyus,certstudent+52@tophat.com,tophat52,yes,1/17/2018,Liberty Certification,Peter Orginber,,
Yes,Cert,Student,usjixtedkigyus,certstudent+53@tophat.com,tophat53,yes,1/17/2018,Liberty Certification,Ted Whitney,,
Yes,Cert,Student,usjixtedkigyus,certstudent+54@tophat.com,tophat54,yes,1/17/2018,Liberty Certification,Eric Thomas,,
Yes,Cert,Student,usjixtedkigyus,certstudent+55@tophat.com,tophat55,yes,1/17/2018,Liberty Certification,Bethany Lyle,,
Yes,Cert,Student,usjixtedkigyus,certstudent+56@tophat.com,tophat56,yes,1/17/2018,Liberty Certification,Adebukola Adebayo,,
Yes,Cert,Student,usjixtedkigyus,certstudent+57@tophat.com,tophat57,yes,1/17/2018,Liberty Certification,Olivia Steele,,
Yes,Cert,Student,usjixtedkigyus,certstudent+58@tophat.com,tophat58,yes,1/17/2018,Liberty Certification,Nicole Adams,,
Yes,Cert,Student,usjixtedkigyus,certstudent+59@tophat.com,tophat59,yes,1/17/2018,Liberty Certification,Jordan Tilals,,
Yes,Cert,Student,usjixtedkigyus,certstudent+60@tophat.com,tophat60,yes,1/17/2018,Liberty Certification,Gary Brooks,,
Yes,Cert,Student,usjixtedkigyus,certstudent+61@tophat.com,tophat61,yes,1/17/2018,Liberty Certification,Rachel Liverman,,
Yes,Cert,Student,usjixtedkigyus,certstudent+62@tophat.com,tophat62,yes,1/17/2018,Liberty Certification,Sola Babtunde,,
Yes,Cert,Student,usjixtedkigyus,certstudent+63@tophat.com,tophat63,yes,1/17/2018,Liberty Certification,Gaylen Leverett,,
Yes,Cert,Student,usjixtedkigyus,certstudent+64@tophat.com,tophat64,yes,1/17/2018,Liberty Certification,Monica Parson,,
Yes,Cert,Student,usjixtedkigyus,certstudent+65@tophat.com,tophat65,yes,1/17/2018,Liberty Certification,Suzanne Caruso,,
Yes,Cert,Student,usjixtedkigyus,certstudent+66@tophat.com,tophat66,yes,1/17/2018,Liberty Certification,Steve Vandergriff,,
Yes,Cert,Student,usjixtedkigyus,certstudent+67@tophat.com,tophat67,No,1/17/2018,Liberty Certification,,,
Yes,Cert,Student,usjixtedkigyus,certstudent+68@tophat.com,tophat68,No,1/17/2018,Liberty Certification,,,
Yes,Cert,Student,usjixtedkigyus,certstudent+69@tophat.com,tophat69,No,1/17/2018,Liberty Certification,,,
Yes,Cert,Student,usjixtedkigyus,certstudent+70@tophat.com,tophat70,No,1/17/2018,Liberty Certification,,,
Yes,Cert,Student,usjixtedkigyus,certstudent+71@tophat.com,tophat71,No,1/17/2018,Liberty Certification,,,
Yes,Cert,Student,usjixtedkigyus,certstudent+72@tophat.com,tophat72,No,1/17/2018,Liberty Certification,,,
Yes,Cert,Student,usjixtedkigyus,certstudent+73@tophat.com,tophat73,No,1/17/2018,Liberty Certification,,,
Yes,Cert,Student,usjixtedkigyus,certstudent+74@tophat.com,tophat74,No,1/17/2018,Liberty Certification,,,
Yes,Cert,Student,usjixtedkigyus,certstudent+75@tophat.com,tophat75,No,1/17/2018,Liberty Certification,,,
Yes,Cert,Student,usjixtedkigyus,certstudent+76@tophat.com,tophat76,No,1/17/2018,Liberty Certification,,,
Yes,Cert,Student,usjixtedkigyus,certstudent+77@tophat.com,tophat77,No,1/17/2018,Liberty Certification,,,
Yes,Cert,Student,usjixtedkigyus,certstudent+78@tophat.com,tophat78,No,1/17/2018,Liberty Certification,,,
Yes,Cert,Student,usjixtedkigyus,certstudent+79@tophat.com,tophat79,No,1/17/2018,Liberty Certification,,,
Yes,Cert,Student,usjixtedkigyus,certstudent+80@tophat.com,tophat80,No,1/17/2018,Liberty Certification,,,
Yes,Cert,Student,usjixtedkigyus,certstudent+81@tophat.com,tophat81,No,1/17/2018,Liberty Certification,,,
Yes,Cert,Student,usjixtedkigyus,certstudent+82@tophat.com,tophat82,yes,,Cailyn 220361,,,
Yes,Cert,Student,usjixtedkigyus,certstudent+83@tophat.com,tophat83,yes,2/12/2018,Jay Meloff Ticket - Missou - Kansas,,,
Yes,Cert,Student,usjixtedkigyus,certstudent+84@tophat.com,tophat84,yes,2/12/2018,Jay Meloff Ticket - Missou - Kansas,,,
Yes,Cert,Student,usjixtedkigyus,certstudent+85@tophat.com,tophat85,yes,2/12/2018,Jay Meloff Ticket - Missou - Kansas,,,
Yes,Cert,Student,usjixtedkigyus,certstudent+86@tophat.com,tophat86,yes,2/12/2018,Jay Meloff Ticket - Missou - Kansas,,,
Yes,Cert,Student,usjixtedkigyus,certstudent+87@tophat.com,tophat87,yes,2/12/2018,Jay Meloff Ticket - Missou - Kansas,,,
Yes,Cert,Student,usjixtedkigyus,certstudent+88@tophat.com,tophat88,yes,2/12/2018,Jay Meloff Ticket - Missou - Kansas,,,
Yes,Cert,Student,usjixtedkigyus,certstudent+89@tophat.com,tophat89,yes,2/12/2018,Jay Meloff Ticket - Missou - Kansas,,,
Yes,Cert,Student,usjixtedkigyus,certstudent+90@tophat.com,tophat90,yes,2/12/2018,Jay Meloff Ticket - Missou - Kansas,,,
Yes,Cert,Student,usjixtedkigyus,certstudent+91@tophat.com,tophat91,yes,2/12/2018,Jay Meloff Ticket - Missou - Kansas,,,
Yes,Cert,Student,usjixtedkigyus,certstudent+92@tophat.com,tophat92,yes,2/12/2018,Jay Meloff Ticket - Missou - Kansas,,,
Yes,Cert,Student,usjixtedkigyus,certstudent+93@tophat.com,tophat93,yes,2/12/2018,Jay Meloff Ticket - Missou - Kansas,,,
Yes,Cert,Student,usjixtedkigyus,certstudent+94@tophat.com,tophat94,yes,2/12/2018,Jay Meloff Ticket - Missou - Kansas,,,
Yes,Cert,Student,usjixtedkigyus,certstudent+95@tophat.com,tophat95,yes,2/12/2018,Jay Meloff Ticket - Missou - Kansas,,,
Yes,Cert,Student,usjixtedkigyus,certstudent+96@tophat.com,tophat96,yes,2/12/2018,Jay Meloff Ticket - Missou - Kansas,,,
Yes,Cert,Student,usjixtedkigyus,certstudent+97@tophat.com,tophat97,yes,2/12/2018,Jay Meloff Ticket - Missou - Kansas,,,
Yes,Cert,Student,usjixtedkigyus,certstudent+98@tophat.com,tophat98,yes,2/12/2018,Jay Meloff Ticket - Missou - Kansas,,,
Yes,Cert,Student,usjixtedkigyus,certstudent+99@tophat.com,tophat99,yes,2/12/2018,Jay Meloff Ticket - Missou - Kansas,,,
Yes,Cert,Student,usjixtedkigyus,certstudent+100@tophat.com,tophat100,yes,2/12/2018,Jay Meloff Ticket - Missou - Kansas,,,
Yes,Cert,Student,usjixtedkigyus,certstudent+101@tophat.com,tophat101,yes,2/12/2018,Jay Meloff Ticket - Missou - Kansas,,,
Yes,Cert,Student,usjixtedkigyus,certstudent+102@tophat.com,tophat102,yes,2/12/2018,Jay Meloff Ticket - Missou - Kansas,,,
Yes,Cert,Student,usjixtedkigyus,certstudent+103@tophat.com,tophat103,yes,2/16/2018,Loyola Certificaiton,,,
Yes,Cert,Student,usjixtedkigyus,certstudent+104@tophat.com,tophat104,yes,2/16/2018,Loyola Certificaiton,,,
Yes,Cert,Student,usjixtedkigyus,certstudent+105@tophat.com,tophat105,yes,2/16/2018,Loyola Certificaiton,,,
Yes,Cert,Student,usjixtedkigyus,certstudent+106@tophat.com,tophat106,yes,2/16/2018,Loyola Certificaiton,,,
Yes,Cert,Student,usjixtedkigyus,certstudent+107@tophat.com,tophat107,yes,2/16/2018,Loyola Certificaiton,,,
Yes,Cert,Student,usjixtedkigyus,certstudent+108@tophat.com,tophat108,yes,2/16/2018,Loyola Certificaiton,,,
Yes,Cert,Student,usjixtedkigyus,certstudent+109@tophat.com,tophat109,yes,2/16/2018,Loyola Certificaiton,,,
Yes,Cert,Student,usjixtedkigyus,certstudent+110@tophat.com,tophat110,yes,2/16/2018,Loyola Certificaiton,,,
Yes,Cert,Student,usjixtedkigyus,certstudent+111@tophat.com,tophat111,yes,2/16/2018,Loyola Certificaiton,,,
Yes,Cert,Student,usjixtedkigyus,certstudent+112@tophat.com,tophat112,yes,2/16/2018,Loyola Certificaiton,,,
Yes,Cert,Student,usjixtedkigyus,certstudent+113@tophat.com,tophat113,yes,,Case 229424 - Jay Meloff Prof Demo,,,
Yes,Cert,Student,usjixtedkigyus,certstudent+114@tophat.com,tophat114,yes,,Case 229424 - Jay Meloff Prof Demo,,,
Yes,Cert,Student,usjixtedkigyus,certstudent+115@tophat.com,tophat115,yes,,Case 229424 - Jay Meloff Prof Demo,,,
Yes,Cert,Student,usjixtedkigyus,certstudent+116@tophat.com,tophat116,yes,,Case 229424 - Jay Meloff Prof Demo,,,
Yes,Cert,Student,usjixtedkigyus,certstudent+117@tophat.com,tophat117,yes,,Case 229424 - Jay Meloff Prof Demo,,,
Yes,Cert,Student,usjixtedkigyus,certstudent+118@tophat.com,tophat118,yes,,Case 229424 - Jay Meloff Prof Demo,,,
Yes,Cert,Student,usjixtedkigyus,certstudent+119@tophat.com,tophat119,yes,,Case 229424 - Jay Meloff Prof Demo,,,
Yes,Cert,Student,usjixtedkigyus,certstudent+120@tophat.com,tophat120,yes,,Case 229424 - Jay Meloff Prof Demo,,,
Yes,Cert,Student,usjixtedkigyus,certstudent+121@tophat.com,tophat121,yes,,Case 229424 - Jay Meloff Prof Demo,,,
Yes,Cert,Student,usjixtedkigyus,certstudent+122@tophat.com,tophat122,yes,,Case 229424 - Jay Meloff Prof Demo,,,
Yes,Cert,Student,usjixtedkigyus,certstudent+123@tophat.com,tophat123,No,,,,,
Yes,Cert,Student,usjixtedkigyus,certstudent+124@tophat.com,tophat124,No,,,,,
Yes,Cert,Student,usjixtedkigyus,certstudent+125@tophat.com,tophat125,No,,,,,
Yes,Cert,Student,usjixtedkigyus,certstudent+126@tophat.com,tophat126,No,,,,,
Yes,Cert,Student,usjixtedkigyus,certstudent+127@tophat.com,tophat127,No,,,,,
Yes,Cert,Student,usjixtedkigyus,certstudent+128@tophat.com,tophat128,No,,,,,
Yes,Cert,Student,usjixtedkigyus,certstudent+129@tophat.com,tophat129,yes,1/18/2018,Universita’ degli studi di Padova,,,
Yes,Cert,Student,usjixtedkigyus,certstudent+130@tophat.com,tophat130,yes,1/18/2018,Universita’ degli studi di Padova,,,
Yes,Cert,Student,usjixtedkigyus,certstudent+131@tophat.com,tophat131,yes,1/18/2018,Universita’ degli studi di Padova,,,
Yes,Cert,Student,usjixtedkigyus,certstudent+132@tophat.com,tophat132,yes,1/18/2018,Universita’ degli studi di Padova,,,
Yes,Cert,Student,usjixtedkigyus,certstudent+133@tophat.com,tophat133,yes,1/18/2018,Universita’ degli studi di Padova,,,
Yes,Cert,Student,usjixtedkigyus,certstudent+134@tophat.com,tophat134,yes,1/18/2018,Universita’ degli studi di Padova,,,
Yes,Cert,Student,usjixtedkigyus,certstudent+135@tophat.com,tophat135,yes,1/18/2018,Universita’ degli studi di Padova,,,
Yes,Cert,Student,usjixtedkigyus,certstudent+136@tophat.com,tophat136,yes,1/18/2018,Universita’ degli studi di Padova,,,
Yes,Cert,Student,usjixtedkigyus,certstudent+137@tophat.com,tophat137,yes,1/18/2018,Universita’ degli studi di Padova,,,
Yes,Cert,Student,usjixtedkigyus,certstudent+138@tophat.com,tophat138,yes,1/18/2018,Universita’ degli studi di Padova,,,
Yes,Cert,Student,usjixtedkigyus,certstudent+139@tophat.com,tophat139,yes,1/18/2018,Universita’ degli studi di Padova,,,
Yes,Cert,Student,usjixtedkigyus,certstudent+140@tophat.com,tophat140,yes,1/18/2018,Universita’ degli studi di Padova,,,
Yes,Cert,Student,usjixtedkigyus,certstudent+141@tophat.com,tophat141,yes,1/18/2018,Universita’ degli studi di Padova,,,
Yes,Cert,Student,usjixtedkigyus,certstudent+142@tophat.com,tophat142,yes,1/18/2018,Universita’ degli studi di Padova,,,
Yes,Cert,Student,usjixtedkigyus,certstudent+143@tophat.com,tophat143,yes,1/18/2018,Universita’ degli studi di Padova,,,
Yes,Cert,Student,usjixtedkigyus,certstudent+144@tophat.com,tophat144,yes,1/18/2018,Universita’ degli studi di Padova,,,
Yes,Cert,Student,usjixtedkigyus,certstudent+145@tophat.com,tophat145,yes,1/18/2018,Universita’ degli studi di Padova,,,
Yes,Cert,Student,usjixtedkigyus,certstudent+146@tophat.com,tophat146,yes,1/18/2018,Universita’ degli studi di Padova,,,
Yes,Cert,Student,usjixtedkigyus,certstudent+147@tophat.com,tophat147,yes,1/18/2018,Universita’ degli studi di Padova,,,
Yes,Cert,Student,usjixtedkigyus,certstudent+148@tophat.com,tophat148,yes,1/18/2018,Universita’ degli studi di Padova,,,
yes,Cert,Student,usjixtedkigyus,certstudent+149@tophat.com,tophat149,yes,3/16/2018,UNR Certification,,,
yes,Cert,Student,usjixtedkigyus,certstudent+150@tophat.com,tophat150,yes,3/16/2018,UNR Certification,,,
yes,Cert,Student,usjixtedkigyus,certstudent+151@tophat.com,tophat151,yes,3/16/2018,UNR Certification,,,
yes,Cert,Student,usjixtedkigyus,certstudent+152@tophat.com,tophat152,yes,3/16/2018,UNR Certification,,,
yes,Cert,Student,usjixtedkigyus,certstudent+153@tophat.com,tophat153,yes,3/16/2018,UNR Certification,,,
yes,Cert,Student,usjixtedkigyus,certstudent+154@tophat.com,tophat154,yes,3/16/2018,UNR Certification,,,
yes,Cert,Student,usjixtedkigyus,certstudent+155@tophat.com,tophat155,yes,3/16/2018,UNR Certification,,,
yes,Cert,Student,usjixtedkigyus,certstudent+156@tophat.com,tophat156,yes,3/16/2018,UNR Certification,,,
yes,Cert,Student,usjixtedkigyus,certstudent+157@tophat.com,tophat157,yes,3/16/2018,UNR Certification,,,
yes,Cert,Student,usjixtedkigyus,certstudent+158@tophat.com,tophat158,yes,3/16/2018,UNR Certification,,,
yes,Cert,Student,usjixtedkigyus,certstudent+159@tophat.com,tophat159,yes,3/16/2018,UNR Certification,,,
yes,Cert,Student,usjixtedkigyus,certstudent+160@tophat.com,tophat160,yes,3/16/2018,UNR Certification,,,
yes,Cert,Student,usjixtedkigyus,certstudent+161@tophat.com,tophat161,yes,3/16/2018,UNR Certification,,,
yes,Cert,Student,usjixtedkigyus,certstudent+162@tophat.com,tophat162,yes,3/16/2018,UNR Certification,,,
yes,Cert,Student,usjixtedkigyus,certstudent+163@tophat.com,tophat163,yes,3/16/2018,UNR Certification,,,
yes,Cert,Student,usjixtedkigyus,certstudent+164@tophat.com,tophat164,yes,3/16/2018,UNR Certification,,,
yes,Cert,Student,usjixtedkigyus,certstudent+165@tophat.com,tophat165,yes,3/16/2018,UNR Certification,,,
yes,Cert,Student,usjixtedkigyus,certstudent+166@tophat.com,tophat166,yes,3/16/2018,UNR Certification,,,
yes,Cert,Student,usjixtedkigyus,certstudent+167@tophat.com,tophat167,yes,3/16/2018,UNR Certification,,,
yes,Cert,Student,usjixtedkigyus,certstudent+168@tophat.com,tophat168,yes,3/16/2018,UNR Certification,,,
yes,Cert,Student,usjixtedkigyus,certstudent+169@tophat.com,tophat169,yes,3/27/2018,,,,
yes,Cert,Student,usjixtedkigyus,certstudent+170@tophat.com,tophat170,yes,3/27/2018,,,,
yes,Cert,Student,usjixtedkigyus,certstudent+171@tophat.com,tophat171,yes,3/27/2018,,,,
yes,Cert,Student,usjixtedkigyus,certstudent+172@tophat.com,tophat172,yes,3/27/2018,,,,
yes,Cert,Student,usjixtedkigyus,certstudent+173@tophat.com,tophat173,yes,3/27/2018,,,,
yes,Cert,Student,usjixtedkigyus,certstudent+174@tophat.com,tophat174,yes,3/27/2018,,,,
yes,Cert,Student,usjixtedkigyus,certstudent+175@tophat.com,tophat175,yes,3/27/2018,,,,
yes,Cert,Student,usjixtedkigyus,certstudent+176@tophat.com,tophat176,yes,3/27/2018,,,,
yes,Cert,Student,usjixtedkigyus,certstudent+177@tophat.com,tophat177,yes,3/27/2018,,,,
yes,Cert,Student,usjixtedkigyus,certstudent+178@tophat.com,tophat178,yes,3/27/2018,,,,
yes,Cert,Student,usjixtedkigyus,certstudent+179@tophat.com,tophat179,yes,3/27/2018,,,,
yes,Cert,Student,usjixtedkigyus,certstudent+180@tophat.com,tophat180,yes,3/27/2018,,,,
yes,Cert,Student,usjixtedkigyus,certstudent+181@tophat.com,tophat181,yes,3/27/2018,,,,
yes,Cert,Student,usjixtedkigyus,certstudent+182@tophat.com,tophat182,yes,3/27/2018,,,,
yes,Cert,Student,usjixtedkigyus,certstudent+183@tophat.com,tophat183,yes,3/27/2018,,,,
yes,Cert,Student,usjixtedkigyus,certstudent+184@tophat.com,tophat184,yes,3/27/2018,,,,
yes,Cert,Student,usjixtedkigyus,certstudent+185@tophat.com,tophat185,yes,3/27/2018,,,,
yes,Cert,Student,usjixtedkigyus,certstudent+186@tophat.com,tophat186,yes,3/27/2018,,,,
yes,Cert,Student,usjixtedkigyus,certstudent+187@tophat.com,tophat187,yes,3/27/2018,,,,
yes,Cert,Student,usjixtedkigyus,certstudent+188@tophat.com,tophat188,yes,3/27/2018,,,,
yes,Cert,Student,usjixtedkigyus,certstudent+189@tophat.com,tophat189,yes,3/27/2018,,,,
yes,Cert,Student,usjixtedkigyus,certstudent+190@tophat.com,tophat190,yes,3/27/2018,IU & Kelley Certification,,,
yes,Cert,Student,usjixtedkigyus,certstudent+191@tophat.com,tophat191,yes,3/27/2018,IU & Kelley Certification,,,
yes,Cert,Student,usjixtedkigyus,certstudent+192@tophat.com,tophat192,yes,3/27/2018,IU & Kelley Certification,,,
yes,Cert,Student,usjixtedkigyus,certstudent+193@tophat.com,tophat193,yes,3/27/2018,IU & Kelley Certification,,,
yes,Cert,Student,usjixtedkigyus,certstudent+194@tophat.com,tophat194,yes,3/27/2018,IU & Kelley Certification,,,
yes,Cert,Student,usjixtedkigyus,certstudent+195@tophat.com,tophat195,yes,3/27/2018,IU & Kelley Certification,,,
yes,Cert,Student,usjixtedkigyus,certstudent+196@tophat.com,tophat196,yes,3/27/2018,IU & Kelley Certification,,,
yes,Cert,Student,usjixtedkigyus,certstudent+197@tophat.com,tophat197,yes,3/27/2018,IU & Kelley Certification,,,
yes,Cert,Student,usjixtedkigyus,certstudent+198@tophat.com,tophat198,yes,3/27/2018,IU & Kelley Certification,,,
yes,Cert,Student,usjixtedkigyus,certstudent+199@tophat.com,tophat199,yes,3/27/2018,IU & Kelley Certification,,,
yes,Cert,Student,usjixtedkigyus,certstudent+200@tophat.com,tophat200,yes,3/27/2018,IU & Kelley Certification,,,
yes,Cert,Student,usjixtedkigyus,certstudent+201@tophat.com,tophat201,yes,3/27/2018,IU & Kelley Certification,,,
yes,Cert,Student,usjixtedkigyus,certstudent+202@tophat.com,tophat202,yes,3/27/2018,IU & Kelley Certification,,,
yes,Cert,Student,usjixtedkigyus,certstudent+203@tophat.com,tophat203,yes,3/27/2018,IU & Kelley Certification,,,
yes,Cert,Student,usjixtedkigyus,certstudent+204@tophat.com,tophat204,yes,3/27/2018,IU & Kelley Certification,,,
yes,Cert,Student,usjixtedkigyus,certstudent+205@tophat.com,tophat205,yes,3/27/2018,IU & Kelley Certification,,,
yes,Cert,Student,usjixtedkigyus,certstudent+206@tophat.com,tophat206,yes,3/27/2018,IU & Kelley Certification,,,
yes,Cert,Student,usjixtedkigyus,certstudent+207@tophat.com,tophat207,yes,3/27/2018,IU & Kelley Certification,,,
yes,Cert,Student,usjixtedkigyus,certstudent+208@tophat.com,tophat208,yes,3/27/2018,IU & Kelley Certification,,,
yes,Cert,Student,usjixtedkigyus,certstudent+209@tophat.com,tophat209,yes,3/27/2018,IU & Kelley Certification,,,
yes,Cert,Student,usjixtedkigyus,certstudent+210@tophat.com,tophat210,yes,,,,,
yes,Cert,Student,usjixtedkigyus,certstudent+211@tophat.com,tophat211,yes,,,,,
yes,Cert,Student,usjixtedkigyus,certstudent+212@tophat.com,tophat212,yes,,,,,
,Cert,Student,usjixtedkigyus,certstudent+213@tophat.com,tophat213,yes,,,,,
,Cert,Student,usjixtedkigyus,certstudent+214@tophat.com,tophat214,yes,,,,,
,Cert,Student,usjixtedkigyus,certstudent+215@tophat.com,tophat215,yes,,,,,
,Cert,Student,usjixtedkigyus,certstudent+216@tophat.com,tophat216,yes,,,,,
,Cert,Student,usjixtedkigyus,certstudent+217@tophat.com,tophat217,yes,,,,,
,Cert,Student,usjixtedkigyus,certstudent+218@tophat.com,tophat218,yes,,,,,
,Cert,Student,usjixtedkigyus,certstudent+219@tophat.com,tophat219,yes,,,,,
,Cert,Student,usjixtedkigyus,certstudent+220@tophat.com,tophat220,yes,,,,,
,Cert,Student,usjixtedkigyus,certstudent+221@tophat.com,tophat221,yes,,,,,
,Cert,Student,usjixtedkigyus,certstudent+222@tophat.com,tophat222,yes,,,,,
,Cert,Student,usjixtedkigyus,certstudent+223@tophat.com,tophat223,yes,,,,,
,Cert,Student,usjixtedkigyus,certstudent+224@tophat.com,tophat224,yes,,,,,
,Cert,Student,usjixtedkigyus,certstudent+225@tophat.com,tophat225,yes,,,,,
,Cert,Student,usjixtedkigyus,certstudent+226@tophat.com,tophat226,yes,,,,,
,Cert,Student,usjixtedkigyus,certstudent+227@tophat.com,tophat227,yes,,,,,
,Cert,Student,usjixtedkigyus,certstudent+228@tophat.com,tophat228,yes,,,,,
,Cert,Student,usjixtedkigyus,certstudent+229@tophat.com,tophat229,yes,,,,,
,Cert,Student,usjixtedkigyus,certstudent+230@tophat.com,tophat230,yes,,,,,
,Cert,Student,usjixtedkigyus,certstudent+231@tophat.com,tophat231,No,,,,,
,Cert,Student,usjixtedkigyus,certstudent+232@tophat.com,tophat232,No,,,,,
,Cert,Student,usjixtedkigyus,certstudent+233@tophat.com,tophat233,No,,,,,
,Cert,Student,usjixtedkigyus,certstudent+234@tophat.com,tophat234,No,,,,,
,Cert,Student,usjixtedkigyus,certstudent+235@tophat.com,tophat235,No,,,,,
,Cert,Student,usjixtedkigyus,certstudent+236@tophat.com,tophat236,No,,,,,
,Cert,Student,usjixtedkigyus,certstudent+237@tophat.com,tophat237,No,,,,,
,Cert,Student,usjixtedkigyus,certstudent+238@tophat.com,tophat238,No,,,,,
,Cert,Student,usjixtedkigyus,certstudent+239@tophat.com,tophat239,No,,,,,
,Cert,Student,usjixtedkigyus,certstudent+240@tophat.com,tophat240,No,,,,,
,Cert,Student,usjixtedkigyus,certstudent+241@tophat.com,tophat241,No,,,,,
,Cert,Student,usjixtedkigyus,certstudent+242@tophat.com,tophat242,No,,,,,
,Cert,Student,usjixtedkigyus,certstudent+243@tophat.com,tophat243,No,,,,,
,Cert,Student,usjixtedkigyus,certstudent+244@tophat.com,tophat244,No,,,,,
,Cert,Student,usjixtedkigyus,certstudent+245@tophat.com,tophat245,No,,,,,
,Cert,Student,usjixtedkigyus,certstudent+246@tophat.com,tophat246,No,,,,,
,Cert,Student,usjixtedkigyus,certstudent+247@tophat.com,tophat247,No,,,,,
,Cert,Student,usjixtedkigyus,certstudent+248@tophat.com,tophat248,No,,,,,
,Cert,Student,usjixtedkigyus,certstudent+249@tophat.com,tophat249,No,,,,,
,Cert,Student,usjixtedkigyus,certstudent+250@tophat.com,tophat250,No,,,,,
,Cert,Student,usjixtedkigyus,certstudent+251@tophat.com,tophat251,No,,,,,
,Cert,Student,usjixtedkigyus,certstudent+252@tophat.com,tophat252,No,,,,,
,Cert,Student,usjixtedkigyus,certstudent+253@tophat.com,tophat253,No,,,,,
,Cert,Student,usjixtedkigyus,certstudent+254@tophat.com,tophat254,No,,,,,
,Cert,Student,usjixtedkigyus,certstudent+255@tophat.com,tophat255,No,,,,,
,Cert,Student,usjixtedkigyus,certstudent+256@tophat.com,tophat256,No,,,,,
,Cert,Student,usjixtedkigyus,certstudent+257@tophat.com,tophat257,No,,,,,
,Cert,Student,usjixtedkigyus,certstudent+258@tophat.com,tophat258,No,,,,,
,Cert,Student,usjixtedkigyus,certstudent+259@tophat.com,tophat259,No,,,,,
,Cert,Student,usjixtedkigyus,certstudent+260@tophat.com,tophat260,No,,,,,
,Cert,Student,usjixtedkigyus,certstudent+261@tophat.com,tophat261,No,,,,,
,Cert,Student,usjixtedkigyus,certstudent+262@tophat.com,tophat262,No,,,,,
,Cert,Student,usjixtedkigyus,certstudent+263@tophat.com,tophat263,No,,,,,
,Cert,Student,usjixtedkigyus,certstudent+264@tophat.com,tophat264,No,,,,,
,Cert,Student,usjixtedkigyus,certstudent+265@tophat.com,tophat265,No,,,,,
,Cert,Student,usjixtedkigyus,certstudent+266@tophat.com,tophat266,No,,,,,
,Cert,Student,usjixtedkigyus,certstudent+267@tophat.com,tophat267,No,,,,,
,Cert,Student,usjixtedkigyus,certstudent+268@tophat.com,tophat268,No,,,,,
,Cert,Student,usjixtedkigyus,certstudent+269@tophat.com,tophat269,No,,,,,
,Cert,Student,usjixtedkigyus,certstudent+270@tophat.com,tophat270,No,,,,,
,Cert,Student,usjixtedkigyus,certstudent+271@tophat.com,tophat271,No,,,,,
,Cert,Student,usjixtedkigyus,certstudent+272@tophat.com,tophat272,No,,,,,
,Cert,Student,usjixtedkigyus,certstudent+273@tophat.com,tophat273,No,,,,,
,Cert,Student,usjixtedkigyus,certstudent+274@tophat.com,tophat274,No,,,,,
,Cert,Student,usjixtedkigyus,certstudent+275@tophat.com,tophat275,No,,,,,
,Cert,Student,usjixtedkigyus,certstudent+276@tophat.com,tophat276,No,,,,,
,Cert,Student,usjixtedkigyus,certstudent+277@tophat.com,tophat277,No,,,,,
,Cert,Student,usjixtedkigyus,certstudent+278@tophat.com,tophat278,No,,,,,
,Cert,Student,usjixtedkigyus,certstudent+279@tophat.com,tophat279,No,,,,,
,Cert,Student,usjixtedkigyus,certstudent+280@tophat.com,tophat280,No,,,,,
,Cert,Student,usjixtedkigyus,certstudent+281@tophat.com,tophat281,No,,,,,
,Cert,Student,usjixtedkigyus,certstudent+282@tophat.com,tophat282,No,,,,,
,Cert,Student,usjixtedkigyus,certstudent+283@tophat.com,tophat283,No,,,,,
,Cert,Student,usjixtedkigyus,certstudent+284@tophat.com,tophat284,No,,,,,
,Cert,Student,usjixtedkigyus,certstudent+285@tophat.com,tophat285,No,,,,,
,Cert,Student,usjixtedkigyus,certstudent+286@tophat.com,tophat286,No,,,,,
,Cert,Student,usjixtedkigyus,certstudent+287@tophat.com,tophat287,No,,,,,
,Cert,Student,usjixtedkigyus,certstudent+288@tophat.com,tophat288,No,,,,,
,Cert,Student,usjixtedkigyus,certstudent+289@tophat.com,tophat289,No,,,,,
,Cert,Student,usjixtedkigyus,certstudent+290@tophat.com,tophat290,No,,,,,
,Cert,Student,usjixtedkigyus,certstudent+291@tophat.com,tophat291,No,,,,,
,Cert,Student,usjixtedkigyus,certstudent+292@tophat.com,tophat292,No,,,,,
,Cert,Student,usjixtedkigyus,certstudent+293@tophat.com,tophat293,No,,,,,
,Cert,Student,usjixtedkigyus,certstudent+294@tophat.com,tophat294,No,,,,,
,Cert,Student,usjixtedkigyus,certstudent+295@tophat.com,tophat295,No,,,,,
,Cert,Student,usjixtedkigyus,certstudent+296@tophat.com,tophat296,No,,,,,
,Cert,Student,usjixtedkigyus,certstudent+297@tophat.com,tophat297,No,,,,,
,Cert,Student,usjixtedkigyus,certstudent+298@tophat.com,tophat298,No,,,,,
,Cert,Student,usjixtedkigyus,certstudent+299@tophat.com,tophat299,No,,,,,
,Cert,Student,usjixtedkigyus,certstudent+300@tophat.com,tophat300,No,,,,,
,Cert,Student,usjixtedkigyus,certstudent+301@tophat.com,tophat301,No,,,,,
,Cert,Student,usjixtedkigyus,certstudent+302@tophat.com,tophat302,No,,,,,
,Cert,Student,usjixtedkigyus,certstudent+303@tophat.com,tophat303,No,,,,,
,Cert,Student,usjixtedkigyus,certstudent+304@tophat.com,tophat304,No,,,,,
,Cert,Student,usjixtedkigyus,certstudent+305@tophat.com,tophat305,No,,,,,
,Cert,Student,usjixtedkigyus,certstudent+306@tophat.com,tophat306,No,,,,,
,Cert,Student,usjixtedkigyus,certstudent+307@tophat.com,tophat307,No,,,,,
,Cert,Student,usjixtedkigyus,certstudent+308@tophat.com,tophat308,No,,,,,
,Cert,Student,usjixtedkigyus,certstudent+309@tophat.com,tophat309,No,,,,,
,Cert,Student,usjixtedkigyus,certstudent+310@tophat.com,tophat310,No,,,,,
,Cert,Student,usjixtedkigyus,certstudent+311@tophat.com,tophat311,No,,,,,
,Cert,Student,usjixtedkigyus,certstudent+312@tophat.com,tophat312,No,,,,,
,Cert,Student,usjixtedkigyus,certstudent+313@tophat.com,tophat313,No,,,,,
,Cert,Student,usjixtedkigyus,certstudent+314@tophat.com,tophat314,No,,,,,
,Cert,Student,usjixtedkigyus,certstudent+315@tophat.com,tophat315,No,,,,,
,Cert,Student,usjixtedkigyus,certstudent+316@tophat.com,tophat316,No,,,,,
,Cert,Student,usjixtedkigyus,certstudent+317@tophat.com,tophat317,No,,,,,
,Cert,Student,usjixtedkigyus,certstudent+318@tophat.com,tophat318,No,,,,,
,Cert,Student,usjixtedkigyus,certstudent+319@tophat.com,tophat319,No,,,,,
,Cert,Student,usjixtedkigyus,certstudent+320@tophat.com,tophat320,No,,,,,
,Cert,Student,usjixtedkigyus,certstudent+321@tophat.com,tophat321,No,,,,,
,Cert,Student,usjixtedkigyus,certstudent+322@tophat.com,tophat322,No,,,,,
,Cert,Student,usjixtedkigyus,certstudent+323@tophat.com,tophat323,No,,,,,
,Cert,Student,usjixtedkigyus,certstudent+324@tophat.com,tophat324,No,,,,,
,Cert,Student,usjixtedkigyus,certstudent+325@tophat.com,tophat325,No,,,,,
,Cert,Student,usjixtedkigyus,certstudent+326@tophat.com,tophat326,No,,,,,
,Cert,Student,usjixtedkigyus,certstudent+327@tophat.com,tophat327,No,,,,,
,Cert,Student,usjixtedkigyus,certstudent+328@tophat.com,tophat328,No,,,,,
,Cert,Student,usjixtedkigyus,certstudent+329@tophat.com,tophat329,No,,,,,
,Cert,Student,usjixtedkigyus,certstudent+330@tophat.com,tophat330,No,,,,,
,Cert,Student,usjixtedkigyus,certstudent+331@tophat.com,tophat331,No,,,,,
,Cert,Student,usjixtedkigyus,certstudent+332@tophat.com,tophat332,No,,,,,
,Cert,Student,usjixtedkigyus,certstudent+333@tophat.com,tophat333,No,,,,,
,Cert,Student,usjixtedkigyus,certstudent+334@tophat.com,tophat334,No,,,,,
,Cert,Student,usjixtedkigyus,certstudent+335@tophat.com,tophat335,No,,,,,
,Cert,Student,usjixtedkigyus,certstudent+336@tophat.com,tophat336,No,,,,,
,Cert,Student,usjixtedkigyus,certstudent+337@tophat.com,tophat337,No,,,,,
,Cert,Student,usjixtedkigyus,certstudent+338@tophat.com,tophat338,No,,,,,
,Cert,Student,usjixtedkigyus,certstudent+339@tophat.com,tophat339,No,,,,,
,Cert,Student,usjixtedkigyus,certstudent+340@tophat.com,tophat340,No,,,,,
,Cert,Student,usjixtedkigyus,certstudent+341@tophat.com,tophat341,No,,,,,
,Cert,Student,usjixtedkigyus,certstudent+342@tophat.com,tophat342,No,,,,,
,Cert,Student,usjixtedkigyus,certstudent+343@tophat.com,tophat343,No,,,,,
,Cert,Student,usjixtedkigyus,certstudent+344@tophat.com,tophat344,No,,,,,
,Cert,Student,usjixtedkigyus,certstudent+345@tophat.com,tophat345,No,,,,,
,Cert,Student,usjixtedkigyus,certstudent+346@tophat.com,tophat346,No,,,,,
,Cert,Student,usjixtedkigyus,certstudent+347@tophat.com,tophat347,No,,,,,
,Cert,Student,usjixtedkigyus,certstudent+348@tophat.com,tophat348,No,,,,,
,Cert,Student,usjixtedkigyus,certstudent+349@tophat.com,tophat349,No,,,,,
,Cert,Student,usjixtedkigyus,certstudent+350@tophat.com,tophat350,No,,,,,
,Cert,Student,usjixtedkigyus,certstudent+351@tophat.com,tophat351,No,,,,,
,Cert,Student,usjixtedkigyus,certstudent+352@tophat.com,tophat352,No,,,,,
,Cert,Student,usjixtedkigyus,certstudent+353@tophat.com,tophat353,No,,,,,
,Cert,Student,usjixtedkigyus,certstudent+354@tophat.com,tophat354,No,,,,,
,Cert,Student,usjixtedkigyus,certstudent+355@tophat.com,tophat355,No,,,,,
,Cert,Student,usjixtedkigyus,certstudent+356@tophat.com,tophat356,No,,,,,
,Cert,Student,usjixtedkigyus,certstudent+357@tophat.com,tophat357,No,,,,,
,Cert,Student,usjixtedkigyus,certstudent+358@tophat.com,tophat358,No,,,,,
,Cert,Student,usjixtedkigyus,certstudent+359@tophat.com,tophat359,No,,,,,
,Cert,Student,usjixtedkigyus,certstudent+360@tophat.com,tophat360,No,,,,,
,Cert,Student,usjixtedkigyus,certstudent+361@tophat.com,tophat361,No,,,,,
,Cert,Student,usjixtedkigyus,certstudent+362@tophat.com,tophat362,No,,,,,
,Cert,Student,usjixtedkigyus,certstudent+363@tophat.com,tophat363,No,,,,,
,Cert,Student,usjixtedkigyus,certstudent+364@tophat.com,tophat364,No,,,,,
,Cert,Student,usjixtedkigyus,certstudent+365@tophat.com,tophat365,No,,,,,
,Cert,Student,usjixtedkigyus,certstudent+366@tophat.com,tophat366,No,,,,,
,Cert,Student,usjixtedkigyus,certstudent+367@tophat.com,tophat367,No,,,,,
,Cert,Student,usjixtedkigyus,certstudent+368@tophat.com,tophat368,No,,,,,
,Cert,Student,usjixtedkigyus,certstudent+369@tophat.com,tophat369,No,,,,,
,Cert,Student,usjixtedkigyus,certstudent+370@tophat.com,tophat370,No,,,,,
,Cert,Student,usjixtedkigyus,certstudent+371@tophat.com,tophat371,No,,,,,
,Cert,Student,usjixtedkigyus,certstudent+372@tophat.com,tophat372,No,,,,,
,Cert,Student,usjixtedkigyus,certstudent+373@tophat.com,tophat373,No,,,,,
,Cert,Student,usjixtedkigyus,certstudent+374@tophat.com,tophat374,No,,,,,
,Cert,Student,usjixtedkigyus,certstudent+375@tophat.com,tophat375,No,,,,,
,Cert,Student,usjixtedkigyus,certstudent+376@tophat.com,tophat376,No,,,,,
,Cert,Student,usjixtedkigyus,certstudent+377@tophat.com,tophat377,No,,,,,
,Cert,Student,usjixtedkigyus,certstudent+378@tophat.com,tophat378,No,,,,,
,Cert,Student,usjixtedkigyus,certstudent+379@tophat.com,tophat379,No,,,,,
,Cert,Student,usjixtedkigyus,certstudent+380@tophat.com,tophat380,No,,,,,
,Cert,Student,usjixtedkigyus,certstudent+381@tophat.com,tophat381,No,,,,,
,Cert,Student,usjixtedkigyus,certstudent+382@tophat.com,tophat382,No,,,,,
,Cert,Student,usjixtedkigyus,certstudent+383@tophat.com,tophat383,No,,,,,
,Cert,Student,usjixtedkigyus,certstudent+384@tophat.com,tophat384,No,,,,,
,Cert,Student,usjixtedkigyus,certstudent+385@tophat.com,tophat385,No,,,,,
,Cert,Student,usjixtedkigyus,certstudent+386@tophat.com,tophat386,No,,,,,
,Cert,Student,usjixtedkigyus,certstudent+387@tophat.com,tophat387,No,,,,,
,Cert,Student,usjixtedkigyus,certstudent+388@tophat.com,tophat388,No,,,,,
,Cert,Student,usjixtedkigyus,certstudent+389@tophat.com,tophat389,No,,,,,
,Cert,Student,usjixtedkigyus,certstudent+390@tophat.com,tophat390,No,,,,,
,Cert,Student,usjixtedkigyus,certstudent+391@tophat.com,tophat391,No,,,,,
,Cert,Student,usjixtedkigyus,certstudent+392@tophat.com,tophat392,No,,,,,
,Cert,Student,usjixtedkigyus,certstudent+393@tophat.com,tophat393,No,,,,,
,Cert,Student,usjixtedkigyus,certstudent+394@tophat.com,tophat394,No,,,,,
,Cert,Student,usjixtedkigyus,certstudent+395@tophat.com,tophat395,No,,,,,
,Cert,Student,usjixtedkigyus,certstudent+396@tophat.com,tophat396,No,,,,,
,Cert,Student,usjixtedkigyus,certstudent+397@tophat.com,tophat397,No,,,,,
,Cert,Student,usjixtedkigyus,certstudent+398@tophat.com,tophat398,No,,,,,
,Cert,Student,usjixtedkigyus,certstudent+399@tophat.com,tophat399,No,,,,,
,Cert,Student,usjixtedkigyus,certstudent+400@tophat.com,tophat400,No,,,,,
,Cert,Student,usjixtedkigyus,certstudent+401@tophat.com,tophat401,No,,,,,
,Cert,Student,usjixtedkigyus,certstudent+402@tophat.com,tophat402,No,,,,,
,Cert,Student,usjixtedkigyus,certstudent+403@tophat.com,tophat403,No,,,,,
,Cert,Student,usjixtedkigyus,certstudent+404@tophat.com,tophat404,No,,,,,
,Cert,Student,usjixtedkigyus,certstudent+405@tophat.com,tophat405,No,,,,,
,Cert,Student,usjixtedkigyus,certstudent+406@tophat.com,tophat406,No,,,,,
,Cert,Student,usjixtedkigyus,certstudent+407@tophat.com,tophat407,No,,,,,
,Cert,Student,usjixtedkigyus,certstudent+408@tophat.com,tophat408,No,,,,,
,Cert,Student,usjixtedkigyus,certstudent+409@tophat.com,tophat409,No,,,,,
,Cert,Student,usjixtedkigyus,certstudent+410@tophat.com,tophat410,No,,,,,
,Cert,Student,usjixtedkigyus,certstudent+411@tophat.com,tophat411,No,,,,,
,Cert,Student,usjixtedkigyus,certstudent+412@tophat.com,tophat412,No,,,,,
,Cert,Student,usjixtedkigyus,certstudent+413@tophat.com,tophat413,No,,,,,
,Cert,Student,usjixtedkigyus,certstudent+414@tophat.com,tophat414,No,,,,,
,Cert,Student,usjixtedkigyus,certstudent+415@tophat.com,tophat415,No,,,,,
,Cert,Student,usjixtedkigyus,certstudent+416@tophat.com,tophat416,No,,,,,
,Cert,Student,usjixtedkigyus,certstudent+417@tophat.com,tophat417,No,,,,,
,Cert,Student,usjixtedkigyus,certstudent+418@tophat.com,tophat418,No,,,,,
,Cert,Student,usjixtedkigyus,certstudent+419@tophat.com,tophat419,No,,,,,
,Cert,Student,usjixtedkigyus,certstudent+420@tophat.com,tophat420,No,,,,,
,Cert,Student,usjixtedkigyus,certstudent+421@tophat.com,tophat421,No,,,,,
,Cert,Student,usjixtedkigyus,certstudent+422@tophat.com,tophat422,No,,,,,
,Cert,Student,usjixtedkigyus,certstudent+423@tophat.com,tophat423,No,,,,,
,Cert,Student,usjixtedkigyus,certstudent+424@tophat.com,tophat424,No,,,,,
,Cert,Student,usjixtedkigyus,certstudent+425@tophat.com,tophat425,No,,,,,
,Cert,Student,usjixtedkigyus,certstudent+426@tophat.com,tophat426,No,,,,,
,Cert,Student,usjixtedkigyus,certstudent+427@tophat.com,tophat427,No,,,,,
,Cert,Student,usjixtedkigyus,certstudent+428@tophat.com,tophat428,No,,,,,
,Cert,Student,usjixtedkigyus,certstudent+429@tophat.com,tophat429,No,,,,,
,Cert,Student,usjixtedkigyus,certstudent+430@tophat.com,tophat430,No,,,,,
,Cert,Student,usjixtedkigyus,certstudent+431@tophat.com,tophat431,No,,,,,
,Cert,Student,usjixtedkigyus,certstudent+432@tophat.com,tophat432,No,,,,,
,Cert,Student,usjixtedkigyus,certstudent+433@tophat.com,tophat433,No,,,,,
,Cert,Student,usjixtedkigyus,certstudent+434@tophat.com,tophat434,No,,,,,
,Cert,Student,usjixtedkigyus,certstudent+435@tophat.com,tophat435,No,,,,,
,Cert,Student,usjixtedkigyus,certstudent+436@tophat.com,tophat436,No,,,,,
,Cert,Student,usjixtedkigyus,certstudent+437@tophat.com,tophat437,No,,,,,
,Cert,Student,usjixtedkigyus,certstudent+438@tophat.com,tophat438,No,,,,,
,Cert,Student,usjixtedkigyus,certstudent+439@tophat.com,tophat439,No,,,,,
,Cert,Student,usjixtedkigyus,certstudent+440@tophat.com,tophat440,No,,,,,
,Cert,Student,usjixtedkigyus,certstudent+441@tophat.com,tophat441,No,,,,,
,Cert,Student,usjixtedkigyus,certstudent+442@tophat.com,tophat442,No,,,,,
,Cert,Student,usjixtedkigyus,certstudent+443@tophat.com,tophat443,No,,,,,
,Cert,Student,usjixtedkigyus,certstudent+444@tophat.com,tophat444,No,,,,,
,Cert,Student,usjixtedkigyus,certstudent+445@tophat.com,tophat445,No,,,,,
,Cert,Student,usjixtedkigyus,certstudent+446@tophat.com,tophat446,No,,,,,
,Cert,Student,usjixtedkigyus,certstudent+447@tophat.com,tophat447,No,,,,,
,Cert,Student,usjixtedkigyus,certstudent+448@tophat.com,tophat448,No,,,,,
,Cert,Student,usjixtedkigyus,certstudent+449@tophat.com,tophat449,No,,,,,
,Cert,Student,usjixtedkigyus,certstudent+450@tophat.com,tophat450,No,,,,,
,Cert,Student,usjixtedkigyus,certstudent+451@tophat.com,tophat451,No,,,,,
,Cert,Student,usjixtedkigyus,certstudent+452@tophat.com,tophat452,No,,,,,
,Cert,Student,usjixtedkigyus,certstudent+453@tophat.com,tophat453,No,,,,,
,Cert,Student,usjixtedkigyus,certstudent+454@tophat.com,tophat454,No,,,,,
,Cert,Student,usjixtedkigyus,certstudent+455@tophat.com,tophat455,No,,,,,
,Cert,Student,usjixtedkigyus,certstudent+456@tophat.com,tophat456,No,,,,,
,Cert,Student,usjixtedkigyus,certstudent+457@tophat.com,tophat457,No,,,,,
,Cert,Student,usjixtedkigyus,certstudent+458@tophat.com,tophat458,No,,,,,
,Cert,Student,usjixtedkigyus,certstudent+459@tophat.com,tophat459,No,,,,,
,Cert,Student,usjixtedkigyus,certstudent+460@tophat.com,tophat460,No,,,,,
,Cert,Student,usjixtedkigyus,certstudent+461@tophat.com,tophat461,No,,,,,
,Cert,Student,usjixtedkigyus,certstudent+462@tophat.com,tophat462,No,,,,,
,Cert,Student,usjixtedkigyus,certstudent+463@tophat.com,tophat463,No,,,,,
,Cert,Student,usjixtedkigyus,certstudent+464@tophat.com,tophat464,No,,,,,
,Cert,Student,usjixtedkigyus,certstudent+465@tophat.com,tophat465,No,,,,,
,Cert,Student,usjixtedkigyus,certstudent+466@tophat.com,tophat466,No,,,,,
,Cert,Student,usjixtedkigyus,certstudent+467@tophat.com,tophat467,No,,,,,
,Cert,Student,usjixtedkigyus,certstudent+468@tophat.com,tophat468,No,,,,,
,Cert,Student,usjixtedkigyus,certstudent+469@tophat.com,tophat469,No,,,,,
,Cert,Student,usjixtedkigyus,certstudent+470@tophat.com,tophat470,No,,,,,
,Cert,Student,usjixtedkigyus,certstudent+471@tophat.com,tophat471,No,,,,,
,Cert,Student,usjixtedkigyus,certstudent+472@tophat.com,tophat472,No,,,,,
,Cert,Student,usjixtedkigyus,certstudent+473@tophat.com,tophat473,No,,,,,
,Cert,Student,usjixtedkigyus,certstudent+474@tophat.com,tophat474,No,,,,,
,Cert,Student,usjixtedkigyus,certstudent+475@tophat.com,tophat475,No,,,,,
,Cert,Student,usjixtedkigyus,certstudent+476@tophat.com,tophat476,No,,,,,
,Cert,Student,usjixtedkigyus,certstudent+477@tophat.com,tophat477,No,,,,,
,Cert,Student,usjixtedkigyus,certstudent+478@tophat.com,tophat478,No,,,,,
,Cert,Student,usjixtedkigyus,certstudent+479@tophat.com,tophat479,No,,,,,
,Cert,Student,usjixtedkigyus,certstudent+480@tophat.com,tophat480,No,,,,,
,Cert,Student,usjixtedkigyus,certstudent+481@tophat.com,tophat481,No,,,,,
,Cert,Student,usjixtedkigyus,certstudent+482@tophat.com,tophat482,No,,,,,
,Cert,Student,usjixtedkigyus,certstudent+483@tophat.com,tophat483,No,,,,,
,Cert,Student,usjixtedkigyus,certstudent+484@tophat.com,tophat484,No,,,,,
,Cert,Student,usjixtedkigyus,certstudent+485@tophat.com,tophat485,No,,,,,
,Cert,Student,usjixtedkigyus,certstudent+486@tophat.com,tophat486,No,,,,,
,Cert,Student,usjixtedkigyus,certstudent+487@tophat.com,tophat487,No,,,,,
,Cert,Student,usjixtedkigyus,certstudent+488@tophat.com,tophat488,No,,,,,
,Cert,Student,usjixtedkigyus,certstudent+489@tophat.com,tophat489,No,,,,,
,Cert,Student,usjixtedkigyus,certstudent+490@tophat.com,tophat490,No,,,,,
,Cert,Student,usjixtedkigyus,certstudent+491@tophat.com,tophat491,No,,,,,
,Cert,Student,usjixtedkigyus,certstudent+492@tophat.com,tophat492,No,,,,,
,Cert,Student,usjixtedkigyus,certstudent+493@tophat.com,tophat493,No,,,,,
,Cert,Student,usjixtedkigyus,certstudent+494@tophat.com,tophat494,No,,,,,
,Cert,Student,usjixtedkigyus,certstudent+495@tophat.com,tophat495,No,,,,,
,Cert,Student,usjixtedkigyus,certstudent+496@tophat.com,tophat496,No,,,,,
,Cert,Student,usjixtedkigyus,certstudent+497@tophat.com,tophat497,No,,,,,
,Cert,Student,usjixtedkigyus,certstudent+498@tophat.com,tophat498,No,,,,,
,Cert,Student,usjixtedkigyus,certstudent+499@tophat.com,tophat499,No,,,,,
,Cert,Student,usjixtedkigyus,certstudent+500@tophat.com,tophat500,No,,,,,
,Cert,Student,usjixtedkigyus,certstudent+501@tophat.com,tophat501,No,,,,,
,Cert,Student,usjixtedkigyus,certstudent+502@tophat.com,tophat502,No,,,,,
,Cert,Student,usjixtedkigyus,certstudent+503@tophat.com,tophat503,No,,,,,
,Cert,Student,usjixtedkigyus,certstudent+504@tophat.com,tophat504,No,,,,,
,Cert,Student,usjixtedkigyus,certstudent+505@tophat.com,tophat505,No,,,,,
,Cert,Student,usjixtedkigyus,certstudent+506@tophat.com,tophat506,No,,,,,
,Cert,Student,usjixtedkigyus,certstudent+507@tophat.com,tophat507,No,,,,,
,Cert,Student,usjixtedkigyus,certstudent+508@tophat.com,tophat508,No,,,,,
,Cert,Student,usjixtedkigyus,certstudent+509@tophat.com,tophat509,No,,,,,
,Cert,Student,usjixtedkigyus,certstudent+510@tophat.com,tophat510,No,,,,,
,Cert,Student,usjixtedkigyus,certstudent+511@tophat.com,tophat511,No,,,,,
,Cert,Student,usjixtedkigyus,certstudent+512@tophat.com,tophat512,No,,,,,
,Cert,Student,usjixtedkigyus,certstudent+513@tophat.com,tophat513,No,,,,,
,Cert,Student,usjixtedkigyus,certstudent+514@tophat.com,tophat514,No,,,,,
,Cert,Student,usjixtedkigyus,certstudent+515@tophat.com,tophat515,No,,,,,
,Cert,Student,usjixtedkigyus,certstudent+516@tophat.com,tophat516,No,,,,,
,Cert,Student,usjixtedkigyus,certstudent+517@tophat.com,tophat517,No,,,,,
,Cert,Student,usjixtedkigyus,certstudent+518@tophat.com,tophat518,No,,,,,
,Cert,Student,usjixtedkigyus,certstudent+519@tophat.com,tophat519,No,,,,,
,Cert,Student,usjixtedkigyus,certstudent+520@tophat.com,tophat520,No,,,,,
,Cert,Student,usjixtedkigyus,certstudent+521@tophat.com,tophat521,No,,,,,
,Cert,Student,usjixtedkigyus,certstudent+522@tophat.com,tophat522,No,,,,,
,Cert,Student,usjixtedkigyus,certstudent+523@tophat.com,tophat523,No,,,,,
,Cert,Student,usjixtedkigyus,certstudent+524@tophat.com,tophat524,No,,,,,
,Cert,Student,usjixtedkigyus,certstudent+525@tophat.com,tophat525,No,,,,,
,Cert,Student,usjixtedkigyus,certstudent+526@tophat.com,tophat526,No,,,,,
,Cert,Student,usjixtedkigyus,certstudent+527@tophat.com,tophat527,No,,,,,
,Cert,Student,usjixtedkigyus,certstudent+528@tophat.com,tophat528,No,,,,,
,Cert,Student,usjixtedkigyus,certstudent+529@tophat.com,tophat529,No,,,,,
,Cert,Student,usjixtedkigyus,certstudent+530@tophat.com,tophat530,No,,,,,
,Cert,Student,usjixtedkigyus,certstudent+531@tophat.com,tophat531,No,,,,,
,Cert,Student,usjixtedkigyus,certstudent+532@tophat.com,tophat532,No,,,,,
,Cert,Student,usjixtedkigyus,certstudent+533@tophat.com,tophat533,No,,,,,
,Cert,Student,usjixtedkigyus,certstudent+534@tophat.com,tophat534,No,,,,,
,Cert,Student,usjixtedkigyus,certstudent+535@tophat.com,tophat535,No,,,,,
,Cert,Student,usjixtedkigyus,certstudent+536@tophat.com,tophat536,No,,,,,
,Cert,Student,usjixtedkigyus,certstudent+537@tophat.com,tophat537,No,,,,,
,Cert,Student,usjixtedkigyus,certstudent+538@tophat.com,tophat538,No,,,,,
,Cert,Student,usjixtedkigyus,certstudent+539@tophat.com,tophat539,No,,,,,
,Cert,Student,usjixtedkigyus,certstudent+540@tophat.com,tophat540,No,,,,,
,Cert,Student,usjixtedkigyus,certstudent+541@tophat.com,tophat541,No,,,,,
,Cert,Student,usjixtedkigyus,certstudent+542@tophat.com,tophat542,No,,,,,
,Cert,Student,usjixtedkigyus,certstudent+543@tophat.com,tophat543,No,,,,,
,Cert,Student,usjixtedkigyus,certstudent+544@tophat.com,tophat544,No,,,,,
,Cert,Student,usjixtedkigyus,certstudent+545@tophat.com,tophat545,No,,,,,
,Cert,Student,usjixtedkigyus,certstudent+546@tophat.com,tophat546,No,,,,,
,Cert,Student,usjixtedkigyus,certstudent+547@tophat.com,tophat547,No,,,,,
,Cert,Student,usjixtedkigyus,certstudent+548@tophat.com,tophat548,No,,,,,
,Cert,Student,usjixtedkigyus,certstudent+549@tophat.com,tophat549,No,,,,,
,Cert,Student,usjixtedkigyus,certstudent+550@tophat.com,tophat550,No,,,,,
,Cert,Student,usjixtedkigyus,certstudent+551@tophat.com,tophat551,No,,,,,
,Cert,Student,usjixtedkigyus,certstudent+552@tophat.com,tophat552,No,,,,,
,Cert,Student,usjixtedkigyus,certstudent+553@tophat.com,tophat553,No,,,,,
,Cert,Student,usjixtedkigyus,certstudent+554@tophat.com,tophat554,No,,,,,
,Cert,Student,usjixtedkigyus,certstudent+555@tophat.com,tophat555,No,,,,,
,Cert,Student,usjixtedkigyus,certstudent+556@tophat.com,tophat556,No,,,,,
,Cert,Student,usjixtedkigyus,certstudent+557@tophat.com,tophat557,No,,,,,
,Cert,Student,usjixtedkigyus,certstudent+558@tophat.com,tophat558,No,,,,,
,Cert,Student,usjixtedkigyus,certstudent+559@tophat.com,tophat559,No,,,,,
,Cert,Student,usjixtedkigyus,certstudent+560@tophat.com,tophat560,No,,,,,
,Cert,Student,usjixtedkigyus,certstudent+561@tophat.com,tophat561,No,,,,,
,Cert,Student,usjixtedkigyus,certstudent+562@tophat.com,tophat562,No,,,,,
,Cert,Student,usjixtedkigyus,certstudent+563@tophat.com,tophat563,No,,,,,
,Cert,Student,usjixtedkigyus,certstudent+564@tophat.com,tophat564,No,,,,,
,Cert,Student,usjixtedkigyus,certstudent+565@tophat.com,tophat565,No,,,,,
,Cert,Student,usjixtedkigyus,certstudent+566@tophat.com,tophat566,No,,,,,
,Cert,Student,usjixtedkigyus,certstudent+567@tophat.com,tophat567,No,,,,,
,Cert,Student,usjixtedkigyus,certstudent+568@tophat.com,tophat568,No,,,,,
,Cert,Student,usjixtedkigyus,certstudent+569@tophat.com,tophat569,No,,,,,
,Cert,Student,usjixtedkigyus,certstudent+570@tophat.com,tophat570,No,,,,,
,Cert,Student,usjixtedkigyus,certstudent+571@tophat.com,tophat571,No,,,,,
,Cert,Student,usjixtedkigyus,certstudent+572@tophat.com,tophat572,No,,,,,
,Cert,Student,usjixtedkigyus,certstudent+573@tophat.com,tophat573,No,,,,,
,Cert,Student,usjixtedkigyus,certstudent+574@tophat.com,tophat574,No,,,,,
,Cert,Student,usjixtedkigyus,certstudent+575@tophat.com,tophat575,No,,,,,
,Cert,Student,usjixtedkigyus,certstudent+576@tophat.com,tophat576,No,,,,,
,Cert,Student,usjixtedkigyus,certstudent+577@tophat.com,tophat577,No,,,,,
,Cert,Student,usjixtedkigyus,certstudent+578@tophat.com,tophat578,No,,,,,
,Cert,Student,usjixtedkigyus,certstudent+579@tophat.com,tophat579,No,,,,,
,Cert,Student,usjixtedkigyus,certstudent+580@tophat.com,tophat580,No,,,,,
,Cert,Student,usjixtedkigyus,certstudent+581@tophat.com,tophat581,No,,,,,
,Cert,Student,usjixtedkigyus,certstudent+582@tophat.com,tophat582,No,,,,,
,Cert,Student,usjixtedkigyus,certstudent+583@tophat.com,tophat583,No,,,,,
,Cert,Student,usjixtedkigyus,certstudent+584@tophat.com,tophat584,No,,,,,
,Cert,Student,usjixtedkigyus,certstudent+585@tophat.com,tophat585,No,,,,,
,Cert,Student,usjixtedkigyus,certstudent+586@tophat.com,tophat586,No,,,,,
,Cert,Student,usjixtedkigyus,certstudent+587@tophat.com,tophat587,No,,,,,
,Cert,Student,usjixtedkigyus,certstudent+588@tophat.com,tophat588,No,,,,,
,Cert,Student,usjixtedkigyus,certstudent+589@tophat.com,tophat589,No,,,,,
,Cert,Student,usjixtedkigyus,certstudent+590@tophat.com,tophat590,No,,,,,
,Cert,Student,usjixtedkigyus,certstudent+591@tophat.com,tophat591,No,,,,,
,Cert,Student,usjixtedkigyus,certstudent+592@tophat.com,tophat592,No,,,,,
,Cert,Student,usjixtedkigyus,certstudent+593@tophat.com,tophat593,No,,,,,
,Cert,Student,usjixtedkigyus,certstudent+594@tophat.com,tophat594,No,,,,,
,Cert,Student,usjixtedkigyus,certstudent+595@tophat.com,tophat595,No,,,,,
,Cert,Student,usjixtedkigyus,certstudent+596@tophat.com,tophat596,No,,,,,
,Cert,Student,usjixtedkigyus,certstudent+597@tophat.com,tophat597,No,,,,,
,Cert,Student,usjixtedkigyus,certstudent+598@tophat.com,tophat598,No,,,,,
,Cert,Student,usjixtedkigyus,certstudent+599@tophat.com,tophat599,No,,,,,
,Cert,Student,usjixtedkigyus,certstudent+600@tophat.com,tophat600,No,,,,,
,Cert,Student,usjixtedkigyus,certstudent+601@tophat.com,tophat601,No,,,,,
,Cert,Student,usjixtedkigyus,certstudent+602@tophat.com,tophat602,No,,,,,
,Cert,Student,usjixtedkigyus,certstudent+603@tophat.com,tophat603,No,,,,,
,Cert,Student,usjixtedkigyus,certstudent+604@tophat.com,tophat604,No,,,,,
,Cert,Student,usjixtedkigyus,certstudent+605@tophat.com,tophat605,No,,,,,
,Cert,Student,usjixtedkigyus,certstudent+606@tophat.com,tophat606,No,,,,,
,Cert,Student,usjixtedkigyus,certstudent+607@tophat.com,tophat607,No,,,,,
,Cert,Student,usjixtedkigyus,certstudent+608@tophat.com,tophat608,No,,,,,
,Cert,Student,usjixtedkigyus,certstudent+609@tophat.com,tophat609,No,,,,,
,Cert,Student,usjixtedkigyus,certstudent+610@tophat.com,tophat610,No,,,,,
,Cert,Student,usjixtedkigyus,certstudent+611@tophat.com,tophat611,No,,,,,
,Cert,Student,usjixtedkigyus,certstudent+612@tophat.com,tophat612,No,,,,,
,Cert,Student,usjixtedkigyus,certstudent+613@tophat.com,tophat613,No,,,,,
,Cert,Student,usjixtedkigyus,certstudent+614@tophat.com,tophat614,No,,,,,
,Cert,Student,usjixtedkigyus,certstudent+615@tophat.com,tophat615,No,,,,,
,Cert,Student,usjixtedkigyus,certstudent+616@tophat.com,tophat616,No,,,,,
,Cert,Student,usjixtedkigyus,certstudent+617@tophat.com,tophat617,No,,,,,
,Cert,Student,usjixtedkigyus,certstudent+618@tophat.com,tophat618,No,,,,,
,Cert,Student,usjixtedkigyus,certstudent+619@tophat.com,tophat619,No,,,,,
,Cert,Student,usjixtedkigyus,certstudent+620@tophat.com,tophat620,No,,,,,
,Cert,Student,usjixtedkigyus,certstudent+621@tophat.com,tophat621,No,,,,,
,Cert,Student,usjixtedkigyus,certstudent+622@tophat.com,tophat622,No,,,,,
,Cert,Student,usjixtedkigyus,certstudent+623@tophat.com,tophat623,No,,,,,
,Cert,Student,usjixtedkigyus,certstudent+624@tophat.com,tophat624,No,,,,,
,Cert,Student,usjixtedkigyus,certstudent+625@tophat.com,tophat625,No,,,,,
,Cert,Student,usjixtedkigyus,certstudent+626@tophat.com,tophat626,No,,,,,
,Cert,Student,usjixtedkigyus,certstudent+627@tophat.com,tophat627,No,,,,,
,Cert,Student,usjixtedkigyus,certstudent+628@tophat.com,tophat628,No,,,,,
,Cert,Student,usjixtedkigyus,certstudent+629@tophat.com,tophat629,No,,,,,
,Cert,Student,usjixtedkigyus,certstudent+630@tophat.com,tophat630,No,,,,,
,Cert,Student,usjixtedkigyus,certstudent+631@tophat.com,tophat631,No,,,,,
,Cert,Student,usjixtedkigyus,certstudent+632@tophat.com,tophat632,No,,,,,
,Cert,Student,usjixtedkigyus,certstudent+633@tophat.com,tophat633,No,,,,,
,Cert,Student,usjixtedkigyus,certstudent+634@tophat.com,tophat634,No,,,,,
,Cert,Student,usjixtedkigyus,certstudent+635@tophat.com,tophat635,No,,,,,
,Cert,Student,usjixtedkigyus,certstudent+636@tophat.com,tophat636,No,,,,,
,Cert,Student,usjixtedkigyus,certstudent+637@tophat.com,tophat637,No,,,,,
,Cert,Student,usjixtedkigyus,certstudent+638@tophat.com,tophat638,No,,,,,
,Cert,Student,usjixtedkigyus,certstudent+639@tophat.com,tophat639,No,,,,,
,Cert,Student,usjixtedkigyus,certstudent+640@tophat.com,tophat640,No,,,,,
,Cert,Student,usjixtedkigyus,certstudent+641@tophat.com,tophat641,No,,,,,
,Cert,Student,usjixtedkigyus,certstudent+642@tophat.com,tophat642,No,,,,,
,Cert,Student,usjixtedkigyus,certstudent+643@tophat.com,tophat643,No,,,,,
,Cert,Student,usjixtedkigyus,certstudent+644@tophat.com,tophat644,No,,,,,
,Cert,Student,usjixtedkigyus,certstudent+645@tophat.com,tophat645,No,,,,,
,Cert,Student,usjixtedkigyus,certstudent+646@tophat.com,tophat646,No,,,,,
,Cert,Student,usjixtedkigyus,certstudent+647@tophat.com,tophat647,No,,,,,
,Cert,Student,usjixtedkigyus,certstudent+648@tophat.com,tophat648,No,,,,,
,Cert,Student,usjixtedkigyus,certstudent+649@tophat.com,tophat649,No,,,,,
,Cert,Student,usjixtedkigyus,certstudent+650@tophat.com,tophat650,No,,,,,
,Cert,Student,usjixtedkigyus,certstudent+651@tophat.com,tophat651,No,,,,,
,Cert,Student,usjixtedkigyus,certstudent+652@tophat.com,tophat652,No,,,,,
,Cert,Student,usjixtedkigyus,certstudent+653@tophat.com,tophat653,No,,,,,
,Cert,Student,usjixtedkigyus,certstudent+654@tophat.com,tophat654,No,,,,,
,Cert,Student,usjixtedkigyus,certstudent+655@tophat.com,tophat655,No,,,,,
,Cert,Student,usjixtedkigyus,certstudent+656@tophat.com,tophat656,No,,,,,
,Cert,Student,usjixtedkigyus,certstudent+657@tophat.com,tophat657,No,,,,,
,Cert,Student,usjixtedkigyus,certstudent+658@tophat.com,tophat658,No,,,,,
,Cert,Student,usjixtedkigyus,certstudent+659@tophat.com,tophat659,No,,,,,
,Cert,Student,usjixtedkigyus,certstudent+660@tophat.com,tophat660,No,,,,,
,Cert,Student,usjixtedkigyus,certstudent+661@tophat.com,tophat661,No,,,,,
,Cert,Student,usjixtedkigyus,certstudent+662@tophat.com,tophat662,No,,,,,
,Cert,Student,usjixtedkigyus,certstudent+663@tophat.com,tophat663,No,,,,,
,Cert,Student,usjixtedkigyus,certstudent+664@tophat.com,tophat664,No,,,,,
,Cert,Student,usjixtedkigyus,certstudent+665@tophat.com,tophat665,No,,,,,
,Cert,Student,usjixtedkigyus,certstudent+666@tophat.com,tophat666,No,,,,,
,Cert,Student,usjixtedkigyus,certstudent+667@tophat.com,tophat667,No,,,,,
,Cert,Student,usjixtedkigyus,certstudent+668@tophat.com,tophat668,No,,,,,
,Cert,Student,usjixtedkigyus,certstudent+669@tophat.com,tophat669,No,,,,,
,Cert,Student,usjixtedkigyus,certstudent+670@tophat.com,tophat670,No,,,,,
,Cert,Student,usjixtedkigyus,certstudent+671@tophat.com,tophat671,No,,,,,
,Cert,Student,usjixtedkigyus,certstudent+672@tophat.com,tophat672,No,,,,,
,Cert,Student,usjixtedkigyus,certstudent+673@tophat.com,tophat673,No,,,,,
,Cert,Student,usjixtedkigyus,certstudent+674@tophat.com,tophat674,No,,,,,
,Cert,Student,usjixtedkigyus,certstudent+675@tophat.com,tophat675,No,,,,,
,Cert,Student,usjixtedkigyus,certstudent+676@tophat.com,tophat676,No,,,,,
,Cert,Student,usjixtedkigyus,certstudent+677@tophat.com,tophat677,No,,,,,
,Cert,Student,usjixtedkigyus,certstudent+678@tophat.com,tophat678,No,,,,,
,Cert,Student,usjixtedkigyus,certstudent+679@tophat.com,tophat679,No,,,,,
,Cert,Student,usjixtedkigyus,certstudent+680@tophat.com,tophat680,No,,,,,
,Cert,Student,usjixtedkigyus,certstudent+681@tophat.com,tophat681,No,,,,,
,Cert,Student,usjixtedkigyus,certstudent+682@tophat.com,tophat682,No,,,,,
,Cert,Student,usjixtedkigyus,certstudent+683@tophat.com,tophat683,No,,,,,
,Cert,Student,usjixtedkigyus,certstudent+684@tophat.com,tophat684,No,,,,,
,Cert,Student,usjixtedkigyus,certstudent+685@tophat.com,tophat685,No,,,,,
,Cert,Student,usjixtedkigyus,certstudent+686@tophat.com,tophat686,No,,,,,
,Cert,Student,usjixtedkigyus,certstudent+687@tophat.com,tophat687,No,,,,,
,Cert,Student,usjixtedkigyus,certstudent+688@tophat.com,tophat688,No,,,,,
,Cert,Student,usjixtedkigyus,certstudent+689@tophat.com,tophat689,No,,,,,
,Cert,Student,usjixtedkigyus,certstudent+690@tophat.com,tophat690,No,,,,,
,Cert,Student,usjixtedkigyus,certstudent+691@tophat.com,tophat691,No,,,,,
,Cert,Student,usjixtedkigyus,certstudent+692@tophat.com,tophat692,No,,,,,
,Cert,Student,usjixtedkigyus,certstudent+693@tophat.com,tophat693,No,,,,,
,Cert,Student,usjixtedkigyus,certstudent+694@tophat.com,tophat694,No,,,,,
,Cert,Student,usjixtedkigyus,certstudent+695@tophat.com,tophat695,No,,,,,
,Cert,Student,usjixtedkigyus,certstudent+696@tophat.com,tophat696,No,,,,,
,Cert,Student,usjixtedkigyus,certstudent+697@tophat.com,tophat697,No,,,,,
,Cert,Student,usjixtedkigyus,certstudent+698@tophat.com,tophat698,No,,,,,
,Cert,Student,usjixtedkigyus,certstudent+699@tophat.com,tophat699,No,,,,,
,Cert,Student,usjixtedkigyus,certstudent+700@tophat.com,tophat700,No,,,,,
,Cert,Student,usjixtedkigyus,certstudent+701@tophat.com,tophat701,No,,,,,
,Cert,Student,usjixtedkigyus,certstudent+702@tophat.com,tophat702,No,,,,,
,Cert,Student,usjixtedkigyus,certstudent+703@tophat.com,tophat703,No,,,,,
,Cert,Student,usjixtedkigyus,certstudent+704@tophat.com,tophat704,No,,,,,
,Cert,Student,usjixtedkigyus,certstudent+705@tophat.com,tophat705,No,,,,,
,Cert,Student,usjixtedkigyus,certstudent+706@tophat.com,tophat706,No,,,,,
,Cert,Student,usjixtedkigyus,certstudent+707@tophat.com,tophat707,No,,,,,
,Cert,Student,usjixtedkigyus,certstudent+708@tophat.com,tophat708,No,,,,,
,Cert,Student,usjixtedkigyus,certstudent+709@tophat.com,tophat709,No,,,,,
,Cert,Student,usjixtedkigyus,certstudent+710@tophat.com,tophat710,No,,,,,
,Cert,Student,usjixtedkigyus,certstudent+711@tophat.com,tophat711,No,,,,,
,Cert,Student,usjixtedkigyus,certstudent+712@tophat.com,tophat712,No,,,,,
,Cert,Student,usjixtedkigyus,certstudent+713@tophat.com,tophat713,No,,,,,
,Cert,Student,usjixtedkigyus,certstudent+714@tophat.com,tophat714,No,,,,,
,Cert,Student,usjixtedkigyus,certstudent+715@tophat.com,tophat715,No,,,,,
,Cert,Student,usjixtedkigyus,certstudent+716@tophat.com,tophat716,No,,,,,
,Cert,Student,usjixtedkigyus,certstudent+717@tophat.com,tophat717,No,,,,,
,Cert,Student,usjixtedkigyus,certstudent+718@tophat.com,tophat718,No,,,,,
,Cert,Student,usjixtedkigyus,certstudent+719@tophat.com,tophat719,No,,,,,
,Cert,Student,usjixtedkigyus,certstudent+720@tophat.com,tophat720,No,,,,,
,Cert,Student,usjixtedkigyus,certstudent+721@tophat.com,tophat721,No,,,,,
,Cert,Student,usjixtedkigyus,certstudent+722@tophat.com,tophat722,No,,,,,
,Cert,Student,usjixtedkigyus,certstudent+723@tophat.com,tophat723,No,,,,,
,Cert,Student,usjixtedkigyus,certstudent+724@tophat.com,tophat724,No,,,,,
,Cert,Student,usjixtedkigyus,certstudent+725@tophat.com,tophat725,No,,,,,
,Cert,Student,usjixtedkigyus,certstudent+726@tophat.com,tophat726,No,,,,,
,Cert,Student,usjixtedkigyus,certstudent+727@tophat.com,tophat727,No,,,,,
,Cert,Student,usjixtedkigyus,certstudent+728@tophat.com,tophat728,No,,,,,
,Cert,Student,usjixtedkigyus,certstudent+729@tophat.com,tophat729,No,,,,,
,Cert,Student,usjixtedkigyus,certstudent+730@tophat.com,tophat730,No,,,,,
,Cert,Student,usjixtedkigyus,certstudent+731@tophat.com,tophat731,No,,,,,
,Cert,Student,usjixtedkigyus,certstudent+732@tophat.com,tophat732,No,,,,,
,Cert,Student,usjixtedkigyus,certstudent+733@tophat.com,tophat733,No,,,,,
,Cert,Student,usjixtedkigyus,certstudent+734@tophat.com,tophat734,No,,,,,
,Cert,Student,usjixtedkigyus,certstudent+735@tophat.com,tophat735,No,,,,,
,Cert,Student,usjixtedkigyus,certstudent+736@tophat.com,tophat736,No,,,,,
,Cert,Student,usjixtedkigyus,certstudent+737@tophat.com,tophat737,No,,,,,
,Cert,Student,usjixtedkigyus,certstudent+738@tophat.com,tophat738,No,,,,,
,Cert,Student,usjixtedkigyus,certstudent+739@tophat.com,tophat739,No,,,,,
,Cert,Student,usjixtedkigyus,certstudent+740@tophat.com,tophat740,No,,,,,
,Cert,Student,usjixtedkigyus,certstudent+741@tophat.com,tophat741,No,,,,,
,Cert,Student,usjixtedkigyus,certstudent+742@tophat.com,tophat742,No,,,,,
,Cert,Student,usjixtedkigyus,certstudent+743@tophat.com,tophat743,No,,,,,
,Cert,Student,usjixtedkigyus,certstudent+744@tophat.com,tophat744,No,,,,,
,Cert,Student,usjixtedkigyus,certstudent+745@tophat.com,tophat745,No,,,,,
,Cert,Student,usjixtedkigyus,certstudent+746@tophat.com,tophat746,No,,,,,
,Cert,Student,usjixtedkigyus,certstudent+747@tophat.com,tophat747,No,,,,,
,Cert,Student,usjixtedkigyus,certstudent+748@tophat.com,tophat748,No,,,,,
,Cert,Student,usjixtedkigyus,certstudent+749@tophat.com,tophat749,No,,,,,
,Cert,Student,usjixtedkigyus,certstudent+750@tophat.com,tophat750,No,,,,,
,Cert,Student,usjixtedkigyus,certstudent+751@tophat.com,tophat751,No,,,,,
,Cert,Student,usjixtedkigyus,certstudent+752@tophat.com,tophat752,No,,,,,
,Cert,Student,usjixtedkigyus,certstudent+753@tophat.com,tophat753,No,,,,,
,Cert,Student,usjixtedkigyus,certstudent+754@tophat.com,tophat754,No,,,,,
,Cert,Student,usjixtedkigyus,certstudent+755@tophat.com,tophat755,No,,,,,
,Cert,Student,usjixtedkigyus,certstudent+756@tophat.com,tophat756,No,,,,,
,Cert,Student,usjixtedkigyus,certstudent+757@tophat.com,tophat757,No,,,,,
,Cert,Student,usjixtedkigyus,certstudent+758@tophat.com,tophat758,No,,,,,
,Cert,Student,usjixtedkigyus,certstudent+759@tophat.com,tophat759,No,,,,,
,Cert,Student,usjixtedkigyus,certstudent+760@tophat.com,tophat760,No,,,,,
,Cert,Student,usjixtedkigyus,certstudent+761@tophat.com,tophat761,No,,,,,
,Cert,Student,usjixtedkigyus,certstudent+762@tophat.com,tophat762,No,,,,,
,Cert,Student,usjixtedkigyus,certstudent+763@tophat.com,tophat763,No,,,,,
,Cert,Student,usjixtedkigyus,certstudent+764@tophat.com,tophat764,No,,,,,
,Cert,Student,usjixtedkigyus,certstudent+765@tophat.com,tophat765,No,,,,,
,Cert,Student,usjixtedkigyus,certstudent+766@tophat.com,tophat766,No,,,,,
,Cert,Student,usjixtedkigyus,certstudent+767@tophat.com,tophat767,No,,,,,
,Cert,Student,usjixtedkigyus,certstudent+768@tophat.com,tophat768,No,,,,,
,Cert,Student,usjixtedkigyus,certstudent+769@tophat.com,tophat769,No,,,,,
,Cert,Student,usjixtedkigyus,certstudent+770@tophat.com,tophat770,No,,,,,
,Cert,Student,usjixtedkigyus,certstudent+771@tophat.com,tophat771,No,,,,,
,Cert,Student,usjixtedkigyus,certstudent+772@tophat.com,tophat772,No,,,,,
,Cert,Student,usjixtedkigyus,certstudent+773@tophat.com,tophat773,No,,,,,
,Cert,Student,usjixtedkigyus,certstudent+774@tophat.com,tophat774,No,,,,,
,Cert,Student,usjixtedkigyus,certstudent+775@tophat.com,tophat775,No,,,,,
,Cert,Student,usjixtedkigyus,certstudent+776@tophat.com,tophat776,No,,,,,
,Cert,Student,usjixtedkigyus,certstudent+777@tophat.com,tophat777,No,,,,,
,Cert,Student,usjixtedkigyus,certstudent+778@tophat.com,tophat778,No,,,,,
,Cert,Student,usjixtedkigyus,certstudent+779@tophat.com,tophat779,No,,,,,
,Cert,Student,usjixtedkigyus,certstudent+780@tophat.com,tophat780,No,,,,,
,Cert,Student,usjixtedkigyus,certstudent+781@tophat.com,tophat781,No,,,,,
,Cert,Student,usjixtedkigyus,certstudent+782@tophat.com,tophat782,No,,,,,
,Cert,Student,usjixtedkigyus,certstudent+783@tophat.com,tophat783,No,,,,,
,Cert,Student,usjixtedkigyus,certstudent+784@tophat.com,tophat784,No,,,,,
,Cert,Student,usjixtedkigyus,certstudent+785@tophat.com,tophat785,No,,,,,
,Cert,Student,usjixtedkigyus,certstudent+786@tophat.com,tophat786,No,,,,,
,Cert,Student,usjixtedkigyus,certstudent+787@tophat.com,tophat787,No,,,,,
,Cert,Student,usjixtedkigyus,certstudent+788@tophat.com,tophat788,No,,,,,
,Cert,Student,usjixtedkigyus,certstudent+789@tophat.com,tophat789,No,,,,,
,Cert,Student,usjixtedkigyus,certstudent+790@tophat.com,tophat790,No,,,,,
,Cert,Student,usjixtedkigyus,certstudent+791@tophat.com,tophat791,No,,,,,
,Cert,Student,usjixtedkigyus,certstudent+792@tophat.com,tophat792,No,,,,,
,Cert,Student,usjixtedkigyus,certstudent+793@tophat.com,tophat793,No,,,,,
,Cert,Student,usjixtedkigyus,certstudent+794@tophat.com,tophat794,No,,,,,
,Cert,Student,usjixtedkigyus,certstudent+795@tophat.com,tophat795,No,,,,,
,Cert,Student,usjixtedkigyus,certstudent+796@tophat.com,tophat796,No,,,,,
,Cert,Student,usjixtedkigyus,certstudent+797@tophat.com,tophat797,No,,,,,
,Cert,Student,usjixtedkigyus,certstudent+798@tophat.com,tophat798,No,,,,,
,Cert,Student,usjixtedkigyus,certstudent+799@tophat.com,tophat799,No,,,,,
,Cert,Student,usjixtedkigyus,certstudent+800@tophat.com,tophat800,No,,,,,
,Cert,Student,usjixtedkigyus,certstudent+801@tophat.com,tophat801,No,,,,,
,Cert,Student,usjixtedkigyus,certstudent+802@tophat.com,tophat802,No,,,,,
,Cert,Student,usjixtedkigyus,certstudent+803@tophat.com,tophat803,No,,,,,
,Cert,Student,usjixtedkigyus,certstudent+804@tophat.com,tophat804,No,,,,,
,Cert,Student,usjixtedkigyus,certstudent+805@tophat.com,tophat805,No,,,,,
,Cert,Student,usjixtedkigyus,certstudent+806@tophat.com,tophat806,No,,,,,
,Cert,Student,usjixtedkigyus,certstudent+807@tophat.com,tophat807,No,,,,,
,Cert,Student,usjixtedkigyus,certstudent+808@tophat.com,tophat808,No,,,,,
,Cert,Student,usjixtedkigyus,certstudent+809@tophat.com,tophat809,No,,,,,
,Cert,Student,usjixtedkigyus,certstudent+810@tophat.com,tophat810,No,,,,,
,Cert,Student,usjixtedkigyus,certstudent+811@tophat.com,tophat811,No,,,,,
,Cert,Student,usjixtedkigyus,certstudent+812@tophat.com,tophat812,No,,,,,
,Cert,Student,usjixtedkigyus,certstudent+813@tophat.com,tophat813,No,,,,,
,Cert,Student,usjixtedkigyus,certstudent+814@tophat.com,tophat814,No,,,,,
,Cert,Student,usjixtedkigyus,certstudent+815@tophat.com,tophat815,No,,,,,
,Cert,Student,usjixtedkigyus,certstudent+816@tophat.com,tophat816,No,,,,,
,Cert,Student,usjixtedkigyus,certstudent+817@tophat.com,tophat817,No,,,,,
,Cert,Student,usjixtedkigyus,certstudent+818@tophat.com,tophat818,No,,,,,
,Cert,Student,usjixtedkigyus,certstudent+819@tophat.com,tophat819,No,,,,,
,Cert,Student,usjixtedkigyus,certstudent+820@tophat.com,tophat820,No,,,,,
,Cert,Student,usjixtedkigyus,certstudent+821@tophat.com,tophat821,No,,,,,
,Cert,Student,usjixtedkigyus,certstudent+822@tophat.com,tophat822,No,,,,,
,Cert,Student,usjixtedkigyus,certstudent+823@tophat.com,tophat823,No,,,,,
,Cert,Student,usjixtedkigyus,certstudent+824@tophat.com,tophat824,No,,,,,
,Cert,Student,usjixtedkigyus,certstudent+825@tophat.com,tophat825,No,,,,,
,Cert,Student,usjixtedkigyus,certstudent+826@tophat.com,tophat826,No,,,,,
,Cert,Student,usjixtedkigyus,certstudent+827@tophat.com,tophat827,No,,,,,
,Cert,Student,usjixtedkigyus,certstudent+828@tophat.com,tophat828,No,,,,,
,Cert,Student,usjixtedkigyus,certstudent+829@tophat.com,tophat829,No,,,,,
,Cert,Student,usjixtedkigyus,certstudent+830@tophat.com,tophat830,No,,,,,
,Cert,Student,usjixtedkigyus,certstudent+831@tophat.com,tophat831,No,,,,,
,Cert,Student,usjixtedkigyus,certstudent+832@tophat.com,tophat832,No,,,,,
,Cert,Student,usjixtedkigyus,certstudent+833@tophat.com,tophat833,No,,,,,
,Cert,Student,usjixtedkigyus,certstudent+834@tophat.com,tophat834,No,,,,,
,Cert,Student,usjixtedkigyus,certstudent+835@tophat.com,tophat835,No,,,,,
,Cert,Student,usjixtedkigyus,certstudent+836@tophat.com,tophat836,No,,,,,
,Cert,Student,usjixtedkigyus,certstudent+837@tophat.com,tophat837,No,,,,,
,Cert,Student,usjixtedkigyus,certstudent+838@tophat.com,tophat838,No,,,,,
,Cert,Student,usjixtedkigyus,certstudent+839@tophat.com,tophat839,No,,,,,
,Cert,Student,usjixtedkigyus,certstudent+840@tophat.com,tophat840,No,,,,,
,Cert,Student,usjixtedkigyus,certstudent+841@tophat.com,tophat841,No,,,,,
,Cert,Student,usjixtedkigyus,certstudent+842@tophat.com,tophat842,No,,,,,
,Cert,Student,usjixtedkigyus,certstudent+843@tophat.com,tophat843,No,,,,,
,Cert,Student,usjixtedkigyus,certstudent+844@tophat.com,tophat844,No,,,,,
,Cert,Student,usjixtedkigyus,certstudent+845@tophat.com,tophat845,No,,,,,
,Cert,Student,usjixtedkigyus,certstudent+846@tophat.com,tophat846,No,,,,,
,Cert,Student,usjixtedkigyus,certstudent+847@tophat.com,tophat847,No,,,,,
,Cert,Student,usjixtedkigyus,certstudent+848@tophat.com,tophat848,No,,,,,
,Cert,Student,usjixtedkigyus,certstudent+849@tophat.com,tophat849,No,,,,,
,Cert,Student,usjixtedkigyus,certstudent+850@tophat.com,tophat850,No,,,,,
,Cert,Student,usjixtedkigyus,certstudent+851@tophat.com,tophat851,No,,,,,
,Cert,Student,usjixtedkigyus,certstudent+852@tophat.com,tophat852,No,,,,,
,Cert,Student,usjixtedkigyus,certstudent+853@tophat.com,tophat853,No,,,,,
,Cert,Student,usjixtedkigyus,certstudent+854@tophat.com,tophat854,No,,,,,
,Cert,Student,usjixtedkigyus,certstudent+855@tophat.com,tophat855,No,,,,,
,Cert,Student,usjixtedkigyus,certstudent+856@tophat.com,tophat856,No,,,,,
,Cert,Student,usjixtedkigyus,certstudent+857@tophat.com,tophat857,No,,,,,
,Cert,Student,usjixtedkigyus,certstudent+858@tophat.com,tophat858,No,,,,,
,Cert,Student,usjixtedkigyus,certstudent+859@tophat.com,tophat859,No,,,,,
,Cert,Student,usjixtedkigyus,certstudent+860@tophat.com,tophat860,No,,,,,
,Cert,Student,usjixtedkigyus,certstudent+861@tophat.com,tophat861,No,,,,,
,Cert,Student,usjixtedkigyus,certstudent+862@tophat.com,tophat862,No,,,,,
,Cert,Student,usjixtedkigyus,certstudent+863@tophat.com,tophat863,No,,,,,
,Cert,Student,usjixtedkigyus,certstudent+864@tophat.com,tophat864,No,,,,,
,Cert,Student,usjixtedkigyus,certstudent+865@tophat.com,tophat865,No,,,,,
,Cert,Student,usjixtedkigyus,certstudent+866@tophat.com,tophat866,No,,,,,
,Cert,Student,usjixtedkigyus,certstudent+867@tophat.com,tophat867,No,,,,,
,Cert,Student,usjixtedkigyus,certstudent+868@tophat.com,tophat868,No,,,,,
,Cert,Student,usjixtedkigyus,certstudent+869@tophat.com,tophat869,No,,,,,
,Cert,Student,usjixtedkigyus,certstudent+870@tophat.com,tophat870,No,,,,,
,Cert,Student,usjixtedkigyus,certstudent+871@tophat.com,tophat871,No,,,,,
,Cert,Student,usjixtedkigyus,certstudent+872@tophat.com,tophat872,No,,,,,
,Cert,Student,usjixtedkigyus,certstudent+873@tophat.com,tophat873,No,,,,,
,Cert,Student,usjixtedkigyus,certstudent+874@tophat.com,tophat874,No,,,,,
,Cert,Student,usjixtedkigyus,certstudent+875@tophat.com,tophat875,No,,,,,
,Cert,Student,usjixtedkigyus,certstudent+876@tophat.com,tophat876,No,,,,,
,Cert,Student,usjixtedkigyus,certstudent+877@tophat.com,tophat877,No,,,,,
,Cert,Student,usjixtedkigyus,certstudent+878@tophat.com,tophat878,No,,,,,
,Cert,Student,usjixtedkigyus,certstudent+879@tophat.com,tophat879,No,,,,,
,Cert,Student,usjixtedkigyus,certstudent+880@tophat.com,tophat880,No,,,,,
,Cert,Student,usjixtedkigyus,certstudent+881@tophat.com,tophat881,No,,,,,
,Cert,Student,usjixtedkigyus,certstudent+882@tophat.com,tophat882,No,,,,,
,Cert,Student,usjixtedkigyus,certstudent+883@tophat.com,tophat883,No,,,,,
,Cert,Student,usjixtedkigyus,certstudent+884@tophat.com,tophat884,No,,,,,
,Cert,Student,usjixtedkigyus,certstudent+885@tophat.com,tophat885,No,,,,,
,Cert,Student,usjixtedkigyus,certstudent+886@tophat.com,tophat886,No,,,,,
,Cert,Student,usjixtedkigyus,certstudent+887@tophat.com,tophat887,No,,,,,
,Cert,Student,usjixtedkigyus,certstudent+888@tophat.com,tophat888,No,,,,,
,Cert,Student,usjixtedkigyus,certstudent+889@tophat.com,tophat889,No,,,,,
,Cert,Student,usjixtedkigyus,certstudent+890@tophat.com,tophat890,No,,,,,
,Cert,Student,usjixtedkigyus,certstudent+891@tophat.com,tophat891,No,,,,,
,Cert,Student,usjixtedkigyus,certstudent+892@tophat.com,tophat892,No,,,,,
,Cert,Student,usjixtedkigyus,certstudent+893@tophat.com,tophat893,No,,,,,
,Cert,Student,usjixtedkigyus,certstudent+894@tophat.com,tophat894,No,,,,,
,Cert,Student,usjixtedkigyus,certstudent+895@tophat.com,tophat895,No,,,,,
,Cert,Student,usjixtedkigyus,certstudent+896@tophat.com,tophat896,No,,,,,
,Cert,Student,usjixtedkigyus,certstudent+897@tophat.com,tophat897,No,,,,,
,Cert,Student,usjixtedkigyus,certstudent+898@tophat.com,tophat898,No,,,,,
,Cert,Student,usjixtedkigyus,certstudent+899@tophat.com,tophat899,No,,,,,
,Cert,Student,usjixtedkigyus,certstudent+900@tophat.com,tophat900,No,,,,,
,Cert,Student,usjixtedkigyus,certstudent+901@tophat.com,tophat901,No,,,,,
,Cert,Student,usjixtedkigyus,certstudent+902@tophat.com,tophat902,No,,,,,
,Cert,Student,usjixtedkigyus,certstudent+903@tophat.com,tophat903,No,,,,,
,Cert,Student,usjixtedkigyus,certstudent+904@tophat.com,tophat904,No,,,,,
,Cert,Student,usjixtedkigyus,certstudent+905@tophat.com,tophat905,No,,,,,
,Cert,Student,usjixtedkigyus,certstudent+906@tophat.com,tophat906,No,,,,,
,Cert,Student,usjixtedkigyus,certstudent+907@tophat.com,tophat907,No,,,,,
,Cert,Student,usjixtedkigyus,certstudent+908@tophat.com,tophat908,No,,,,,
,Cert,Student,usjixtedkigyus,certstudent+909@tophat.com,tophat909,No,,,,,
,Cert,Student,usjixtedkigyus,certstudent+910@tophat.com,tophat910,No,,,,,
,Cert,Student,usjixtedkigyus,certstudent+911@tophat.com,tophat911,No,,,,,
,Cert,Student,usjixtedkigyus,certstudent+912@tophat.com,tophat912,No,,,,,
,Cert,Student,usjixtedkigyus,certstudent+913@tophat.com,tophat913,No,,,,,
,Cert,Student,usjixtedkigyus,certstudent+914@tophat.com,tophat914,No,,,,,
,Cert,Student,usjixtedkigyus,certstudent+915@tophat.com,tophat915,No,,,,,
,Cert,Student,usjixtedkigyus,certstudent+916@tophat.com,tophat916,No,,,,,
,Cert,Student,usjixtedkigyus,certstudent+917@tophat.com,tophat917,No,,,,,
,Cert,Student,usjixtedkigyus,certstudent+918@tophat.com,tophat918,No,,,,,
,Cert,Student,usjixtedkigyus,certstudent+919@tophat.com,tophat919,No,,,,,
,Cert,Student,usjixtedkigyus,certstudent+920@tophat.com,tophat920,No,,,,,
,Cert,Student,usjixtedkigyus,certstudent+921@tophat.com,tophat921,No,,,,,
,Cert,Student,usjixtedkigyus,certstudent+922@tophat.com,tophat922,No,,,,,
,Cert,Student,usjixtedkigyus,certstudent+923@tophat.com,tophat923,No,,,,,
,Cert,Student,usjixtedkigyus,certstudent+924@tophat.com,tophat924,No,,,,,
,Cert,Student,usjixtedkigyus,certstudent+925@tophat.com,tophat925,No,,,,,
,Cert,Student,usjixtedkigyus,certstudent+926@tophat.com,tophat926,No,,,,,
,Cert,Student,usjixtedkigyus,certstudent+927@tophat.com,tophat927,No,,,,,
,Cert,Student,usjixtedkigyus,certstudent+928@tophat.com,tophat928,No,,,,,
,Cert,Student,usjixtedkigyus,certstudent+929@tophat.com,tophat929,No,,,,,
,Cert,Student,usjixtedkigyus,certstudent+930@tophat.com,tophat930,No,,,,,
,Cert,Student,usjixtedkigyus,certstudent+931@tophat.com,tophat931,No,,,,,
,Cert,Student,usjixtedkigyus,certstudent+932@tophat.com,tophat932,No,,,,,
,Cert,Student,usjixtedkigyus,certstudent+933@tophat.com,tophat933,No,,,,,
,Cert,Student,usjixtedkigyus,certstudent+934@tophat.com,tophat934,No,,,,,
,Cert,Student,usjixtedkigyus,certstudent+935@tophat.com,tophat935,No,,,,,
,Cert,Student,usjixtedkigyus,certstudent+936@tophat.com,tophat936,No,,,,,
,Cert,Student,usjixtedkigyus,certstudent+937@tophat.com,tophat937,No,,,,,
,Cert,Student,usjixtedkigyus,certstudent+938@tophat.com,tophat938,No,,,,,
,Cert,Student,usjixtedkigyus,certstudent+939@tophat.com,tophat939,No,,,,,
,Cert,Student,usjixtedkigyus,certstudent+940@tophat.com,tophat940,No,,,,,
,Cert,Student,usjixtedkigyus,certstudent+941@tophat.com,tophat941,No,,,,,
,Cert,Student,usjixtedkigyus,certstudent+942@tophat.com,tophat942,No,,,,,
,Cert,Student,usjixtedkigyus,certstudent+943@tophat.com,tophat943,No,,,,,
,Cert,Student,usjixtedkigyus,certstudent+944@tophat.com,tophat944,No,,,,,
,Cert,Student,usjixtedkigyus,certstudent+945@tophat.com,tophat945,No,,,,,
,Cert,Student,usjixtedkigyus,certstudent+946@tophat.com,tophat946,No,,,,,
,Cert,Student,usjixtedkigyus,certstudent+947@tophat.com,tophat947,No,,,,,
,Cert,Student,usjixtedkigyus,certstudent+948@tophat.com,tophat948,No,,,,,
,Cert,Student,usjixtedkigyus,certstudent+949@tophat.com,tophat949,No,,,,,
,Cert,Student,usjixtedkigyus,certstudent+950@tophat.com,tophat950,No,,,,,
,Cert,Student,usjixtedkigyus,certstudent+951@tophat.com,tophat951,No,,,,,
,Cert,Student,usjixtedkigyus,certstudent+952@tophat.com,tophat952,No,,,,,
,Cert,Student,usjixtedkigyus,certstudent+953@tophat.com,tophat953,No,,,,,
,Cert,Student,usjixtedkigyus,certstudent+954@tophat.com,tophat954,No,,,,,
,Cert,Student,usjixtedkigyus,certstudent+955@tophat.com,tophat955,No,,,,,
,Cert,Student,usjixtedkigyus,certstudent+956@tophat.com,tophat956,No,,,,,
,Cert,Student,usjixtedkigyus,certstudent+957@tophat.com,tophat957,No,,,,,
,Cert,Student,usjixtedkigyus,certstudent+958@tophat.com,tophat958,No,,,,,
,Cert,Student,usjixtedkigyus,certstudent+959@tophat.com,tophat959,No,,,,,
,Cert,Student,usjixtedkigyus,certstudent+960@tophat.com,tophat960,No,,,,,
,Cert,Student,usjixtedkigyus,certstudent+961@tophat.com,tophat961,No,,,,,
,Cert,Student,usjixtedkigyus,certstudent+962@tophat.com,tophat962,No,,,,,
,Cert,Student,usjixtedkigyus,certstudent+963@tophat.com,tophat963,No,,,,,
,Cert,Student,usjixtedkigyus,certstudent+964@tophat.com,tophat964,No,,,,,
,Cert,Student,usjixtedkigyus,certstudent+965@tophat.com,tophat965,No,,,,,
,Cert,Student,usjixtedkigyus,certstudent+966@tophat.com,tophat966,No,,,,,
,Cert,Student,usjixtedkigyus,certstudent+967@tophat.com,tophat967,No,,,,,
,Cert,Student,usjixtedkigyus,certstudent+968@tophat.com,tophat968,No,,,,,
,Cert,Student,usjixtedkigyus,certstudent+969@tophat.com,tophat969,No,,,,,
,Cert,Student,usjixtedkigyus,certstudent+970@tophat.com,tophat970,No,,,,,
,Cert,Student,usjixtedkigyus,certstudent+971@tophat.com,tophat971,No,,,,,
,Cert,Student,usjixtedkigyus,certstudent+972@tophat.com,tophat972,No,,,,,
,Cert,Student,usjixtedkigyus,certstudent+973@tophat.com,tophat973,No,,,,,
,Cert,Student,usjixtedkigyus,certstudent+974@tophat.com,tophat974,No,,,,,
,Cert,Student,usjixtedkigyus,certstudent+975@tophat.com,tophat975,No,,,,,
,Cert,Student,usjixtedkigyus,certstudent+976@tophat.com,tophat976,No,,,,,
,Cert,Student,usjixtedkigyus,certstudent+977@tophat.com,tophat977,No,,,,,
,Cert,Student,usjixtedkigyus,certstudent+978@tophat.com,tophat978,No,,,,,
,Cert,Student,usjixtedkigyus,certstudent+979@tophat.com,tophat979,No,,,,,
,Cert,Student,usjixtedkigyus,certstudent+980@tophat.com,tophat980,No,,,,,
,Cert,Student,usjixtedkigyus,certstudent+981@tophat.com,tophat981,No,,,,,
,Cert,Student,usjixtedkigyus,certstudent+982@tophat.com,tophat982,No,,,,,
,Cert,Student,usjixtedkigyus,certstudent+983@tophat.com,tophat983,No,,,,,
,Cert,Student,usjixtedkigyus,certstudent+984@tophat.com,tophat984,No,,,,,
,Cert,Student,usjixtedkigyus,certstudent+985@tophat.com,tophat985,No,,,,,
,Cert,Student,usjixtedkigyus,certstudent+986@tophat.com,tophat986,No,,,,,
,Cert,Student,usjixtedkigyus,certstudent+987@tophat.com,tophat987,No,,,,,
,Cert,Student,usjixtedkigyus,certstudent+988@tophat.com,tophat988,No,,,,,
,Cert,Student,usjixtedkigyus,certstudent+989@tophat.com,tophat989,No,,,,,
,Cert,Student,usjixtedkigyus,certstudent+990@tophat.com,tophat990,No,,,,,
,Cert,Student,usjixtedkigyus,certstudent+991@tophat.com,tophat991,No,,,,,
,Cert,Student,usjixtedkigyus,certstudent+992@tophat.com,tophat992,No,,,,,
,Cert,Student,usjixtedkigyus,certstudent+993@tophat.com,tophat993,No,,,,,
,Cert,Student,usjixtedkigyus,certstudent+994@tophat.com,tophat994,No,,,,,
,Cert,Student,usjixtedkigyus,certstudent+995@tophat.com,tophat995,No,,,,,
,Cert,Student,usjixtedkigyus,certstudent+996@tophat.com,tophat996,No,,,,,
,Cert,Student,usjixtedkigyus,certstudent+997@tophat.com,tophat997,No,,,,,
,Cert,Student,usjixtedkigyus,certstudent+998@tophat.com,tophat998,No,,,,,
,Cert,Student,usjixtedkigyus,certstudent+999@tophat.com,tophat999,No,,,,,